Region,Division,State,year,num_crimes
South,East South Central,Alabama,1960,null
West,Pacific,Alaska,1960,236
West,Mountain,Arizona,1960,2704
South,West South Central,Arkansas,1960,1924
West,Pacific,California,1960,37558
West,Mountain,Colorado,1960,2408
Northeast,New England,Connecticut,1960,928
South,South Atlantic,Delaware,1960,375
South,South Atlantic,District of Columbia,1960,4230
South,South Atlantic,Florida,1960,11061
South,South Atlantic,Georgia,1960,6262
West,Pacific,Hawaii,1960,138
West,Mountain,Idaho,1960,255
Midwest,East North Central,Illinois,1960,36802
Midwest,East North Central,Indiana,1960,3945
Midwest,West North Central,Iowa,1960,656
Midwest,West North Central,Kansas,1960,1272
South,East South Central,Kentucky,1960,2957
South,West South Central,Louisiana,1960,4990
Northeast,New England,Maine,1960,289
South,South Atlantic,Maryland,1960,4691
Northeast,New England,Massachusetts,1960,2512
Midwest,East North Central,Michigan,1960,17034
Midwest,West North Central,Minnesota,1960,1435
South,East South Central,Mississippi,1960,2236
Midwest,West North Central,Missouri,1960,7468
West,Mountain,Montana,1960,453
Midwest,West North Central,Nebraska,1960,590
West,Mountain,Nevada,1960,416
Northeast,New England,New Hampshire,1960,81
Northeast,Middle Atlantic,New Jersey,1960,6932
West,Mountain,New Mexico,1960,1360
Northeast,Middle Atlantic,New York,1960,null
South,South Atlantic,North Carolina,1960,10182
Midwest,West North Central,North Dakota,1960,90
Midwest,East North Central,Ohio,1960,8120
South,West South Central,Oklahoma,1960,2258
West,Pacific,Oregon,1960,1232
Northeast,Middle Atlantic,Pennsylvania,1960,11203
Northeast,New England,Rhode Island,1960,316
South,South Atlantic,South Carolina,1960,3424
Midwest,West North Central,South Dakota,1960,282
South,East South Central,Tennessee,1960,3250
South,West South Central,Texas,1960,15428
West,Mountain,Utah,1960,484
Northeast,New England,Vermont,1960,37
South,South Atlantic,Virginia,1960,7286
West,Pacific,Washington,1960,1616
South,South Atlantic,West Virginia,1960,1200
Midwest,East North Central,Wisconsin,1960,1261
West,Mountain,Wyoming,1960,362
South,East South Central,Alabama,1961,5564
West,Pacific,Alaska,1961,208
West,Mountain,Arizona,1961,2288
South,West South Central,Arkansas,1961,1809
West,Pacific,California,1961,38154
West,Mountain,Colorado,1961,2659
Northeast,New England,Connecticut,1961,878
South,South Atlantic,Delaware,1961,318
South,South Atlantic,District of Columbia,1961,4491
South,South Atlantic,Florida,1961,11376
South,South Atlantic,Georgia,1961,6269
West,Pacific,Hawaii,1961,161
West,Mountain,Idaho,1961,222
Midwest,East North Central,Illinois,1961,37156
Midwest,East North Central,Indiana,1961,4044
Midwest,West North Central,Iowa,1961,643
Midwest,West North Central,Kansas,1961,1282
South,East South Central,Kentucky,1961,2907
South,West South Central,Louisiana,1961,4508
Northeast,New England,Maine,1961,334
South,South Atlantic,Maryland,1961,4959
Northeast,New England,Massachusetts,1961,2777
Midwest,East North Central,Michigan,1961,16499
Midwest,West North Central,Minnesota,1961,1505
South,East South Central,Mississippi,1961,2274
Midwest,West North Central,Missouri,1961,7266
West,Mountain,Montana,1961,457
Midwest,West North Central,Nebraska,1961,586
West,Mountain,Nevada,1961,549
Northeast,New England,New Hampshire,1961,89
Northeast,Middle Atlantic,New Jersey,1961,6682
West,Mountain,New Mexico,1961,1278
Northeast,Middle Atlantic,New York,1961,null
South,South Atlantic,North Carolina,1961,9275
Midwest,West North Central,North Dakota,1961,160
Midwest,East North Central,Ohio,1961,7986
South,West South Central,Oklahoma,1961,2437
West,Pacific,Oregon,1961,1242
Northeast,Middle Atlantic,Pennsylvania,1961,11223
Northeast,New England,Rhode Island,1961,372
South,South Atlantic,South Carolina,1961,3318
Midwest,West North Central,South Dakota,1961,245
South,East South Central,Tennessee,1961,3910
South,West South Central,Texas,1961,15441
West,Mountain,Utah,1961,451
Northeast,New England,Vermont,1961,79
South,South Atlantic,Virginia,1961,7555
West,Pacific,Washington,1961,1687
South,South Atlantic,West Virginia,1961,1167
Midwest,East North Central,Wisconsin,1961,1268
West,Mountain,Wyoming,1961,288
South,East South Central,Alabama,1962,5283
West,Pacific,Alaska,1962,225
West,Mountain,Arizona,1962,2610
South,West South Central,Arkansas,1962,1667
West,Pacific,California,1962,39846
West,Mountain,Colorado,1962,2990
Northeast,New England,Connecticut,1962,938
South,South Atlantic,Delaware,1962,338
South,South Atlantic,District of Columbia,1962,4750
South,South Atlantic,Florida,1962,10489
South,South Atlantic,Georgia,1962,6200
West,Pacific,Hawaii,1962,256
West,Mountain,Idaho,1962,234
Midwest,East North Central,Illinois,1962,38926
Midwest,East North Central,Indiana,1962,4191
Midwest,West North Central,Iowa,1962,559
Midwest,West North Central,Kansas,1962,1477
South,East South Central,Kentucky,1962,2963
South,West South Central,Louisiana,1962,4570
Northeast,New England,Maine,1962,277
South,South Atlantic,Maryland,1962,4915
Northeast,New England,Massachusetts,1962,3207
Midwest,East North Central,Michigan,1962,18106
Midwest,West North Central,Minnesota,1962,1674
South,East South Central,Mississippi,1962,2079
Midwest,West North Central,Missouri,1962,8059
West,Mountain,Montana,1962,390
Midwest,West North Central,Nebraska,1962,637
West,Mountain,Nevada,1962,711
Northeast,New England,New Hampshire,1962,178
Northeast,Middle Atlantic,New Jersey,1962,7874
West,Mountain,New Mexico,1962,1338
Northeast,Middle Atlantic,New York,1962,null
South,South Atlantic,North Carolina,1962,9533
Midwest,West North Central,North Dakota,1962,128
Midwest,East North Central,Ohio,1962,8366
South,West South Central,Oklahoma,1962,2478
West,Pacific,Oregon,1962,1461
Northeast,Middle Atlantic,Pennsylvania,1962,11856
Northeast,New England,Rhode Island,1962,402
South,South Atlantic,South Carolina,1962,3012
Midwest,West North Central,South Dakota,1962,279
South,East South Central,Tennessee,1962,3767
South,West South Central,Texas,1962,15516
West,Mountain,Utah,1962,554
Northeast,New England,Vermont,1962,57
South,South Atlantic,Virginia,1962,7720
West,Pacific,Washington,1962,1913
South,South Atlantic,West Virginia,1962,1146
Midwest,East North Central,Wisconsin,1962,1174
West,Mountain,Wyoming,1962,156
South,East South Central,Alabama,1963,6115
West,Pacific,Alaska,1963,272
West,Mountain,Arizona,1963,3027
South,West South Central,Arkansas,1963,1991
West,Pacific,California,1963,42419
West,Mountain,Colorado,1963,2555
Northeast,New England,Connecticut,1963,1192
South,South Atlantic,Delaware,1963,424
South,South Atlantic,District of Columbia,1963,4740
South,South Atlantic,Florida,1963,12150
South,South Atlantic,Georgia,1963,7019
West,Pacific,Hawaii,1963,215
West,Mountain,Idaho,1963,362
Midwest,East North Central,Illinois,1963,33627
Midwest,East North Central,Indiana,1963,4819
Midwest,West North Central,Iowa,1963,629
Midwest,West North Central,Kansas,1963,1831
South,East South Central,Kentucky,1963,2849
South,West South Central,Louisiana,1963,5798
Northeast,New England,Maine,1963,306
South,South Atlantic,Maryland,1963,5283
Northeast,New England,Massachusetts,1963,3454
Midwest,East North Central,Michigan,1963,18478
Midwest,West North Central,Minnesota,1963,1983
South,East South Central,Mississippi,1963,1779
Midwest,West North Central,Missouri,1963,8629
West,Mountain,Montana,1963,414
Midwest,West North Central,Nebraska,1963,591
West,Mountain,Nevada,1963,755
Northeast,New England,New Hampshire,1963,164
Northeast,Middle Atlantic,New Jersey,1963,8849
West,Mountain,New Mexico,1963,1376
Northeast,Middle Atlantic,New York,1963,null
South,South Atlantic,North Carolina,1963,10038
Midwest,West North Central,North Dakota,1963,182
Midwest,East North Central,Ohio,1963,9086
South,West South Central,Oklahoma,1963,2808
West,Pacific,Oregon,1963,1393
Northeast,Middle Atlantic,Pennsylvania,1963,12678
Northeast,New England,Rhode Island,1963,500
South,South Atlantic,South Carolina,1963,4075
Midwest,West North Central,South Dakota,1963,278
South,East South Central,Tennessee,1963,3777
South,West South Central,Texas,1963,17511
West,Mountain,Utah,1963,598
Northeast,New England,Vermont,1963,92
South,South Atlantic,Virginia,1963,8259
West,Pacific,Washington,1963,2034
South,South Atlantic,West Virginia,1963,1185
Midwest,East North Central,Wisconsin,1963,1312
West,Mountain,Wyoming,1963,213
South,East South Central,Alabama,1964,7260
West,Pacific,Alaska,1964,375
West,Mountain,Arizona,1964,3368
South,West South Central,Arkansas,1964,2641
West,Pacific,California,1964,48026
West,Mountain,Colorado,1964,3119
Northeast,New England,Connecticut,1964,1773
South,South Atlantic,Delaware,1964,541
South,South Atlantic,District of Columbia,1964,5112
South,South Atlantic,Florida,1964,16539
South,South Atlantic,Georgia,1964,8285
West,Pacific,Hawaii,1964,575
West,Mountain,Idaho,1964,537
Midwest,East North Central,Illinois,1964,36916
Midwest,East North Central,Indiana,1964,6564
Midwest,West North Central,Iowa,1964,1007
Midwest,West North Central,Kansas,1964,2573
South,East South Central,Kentucky,1964,3486
South,West South Central,Louisiana,1964,7140
Northeast,New England,Maine,1964,506
South,South Atlantic,Maryland,1964,7446
Northeast,New England,Massachusetts,1964,4559
Midwest,East North Central,Michigan,1964,21153
Midwest,West North Central,Minnesota,1964,2601
South,East South Central,Mississippi,1964,4118
Midwest,West North Central,Missouri,1964,9553
West,Mountain,Montana,1964,564
Midwest,West North Central,Nebraska,1964,776
West,Mountain,Nevada,1964,983
Northeast,New England,New Hampshire,1964,149
Northeast,Middle Atlantic,New Jersey,1964,10456
West,Mountain,New Mexico,1964,1613
Northeast,Middle Atlantic,New York,1964,null
South,South Atlantic,North Carolina,1964,12345
Midwest,West North Central,North Dakota,1964,229
Midwest,East North Central,Ohio,1964,11582
South,West South Central,Oklahoma,1964,3609
West,Pacific,Oregon,1964,2009
Northeast,Middle Atlantic,Pennsylvania,1964,14162
Northeast,New England,Rhode Island,1964,578
South,South Atlantic,South Carolina,1964,4240
Midwest,West North Central,South Dakota,1964,408
South,East South Central,Tennessee,1964,4505
South,West South Central,Texas,1964,19769
West,Mountain,Utah,1964,888
Northeast,New England,Vermont,1964,89
South,South Atlantic,Virginia,1964,10561
West,Pacific,Washington,1964,2761
South,South Atlantic,West Virginia,1964,1359
Midwest,East North Central,Wisconsin,1964,1762
West,Mountain,Wyoming,1964,285
South,East South Central,Alabama,1965,6916
West,Pacific,Alaska,1965,377
West,Mountain,Arizona,1965,3092
South,West South Central,Arkansas,1965,2662
West,Pacific,California,1965,52490
West,Mountain,Colorado,1965,3007
Northeast,New England,Connecticut,1965,1973
South,South Atlantic,Delaware,1965,561
South,South Atlantic,District of Columbia,1965,5804
South,South Atlantic,Florida,1965,17386
South,South Atlantic,Georgia,1965,8777
West,Pacific,Hawaii,1965,491
West,Mountain,Idaho,1965,493
Midwest,East North Central,Illinois,1965,34345
Midwest,East North Central,Indiana,1965,6695
Midwest,West North Central,Iowa,1965,1067
Midwest,West North Central,Kansas,1965,2392
South,East South Central,Kentucky,1965,3463
South,West South Central,Louisiana,1965,7178
Northeast,New England,Maine,1965,437
South,South Atlantic,Maryland,1965,10032
Northeast,New England,Massachusetts,1965,5270
Midwest,East North Central,Michigan,1965,24459
Midwest,West North Central,Minnesota,1965,3074
South,East South Central,Mississippi,1965,3949
Midwest,West North Central,Missouri,1965,10588
West,Mountain,Montana,1965,514
Midwest,West North Central,Nebraska,1965,852
West,Mountain,Nevada,1965,953
Northeast,New England,New Hampshire,1965,156
Northeast,Middle Atlantic,New Jersey,1965,10422
West,Mountain,New Mexico,1965,2047
Northeast,Middle Atlantic,New York,1965,58802
South,South Atlantic,North Carolina,1965,12755
Midwest,West North Central,North Dakota,1965,223
Midwest,East North Central,Ohio,1965,12788
South,West South Central,Oklahoma,1965,3339
West,Pacific,Oregon,1965,2290
Northeast,Middle Atlantic,Pennsylvania,1965,16384
Northeast,New England,Rhode Island,1965,722
South,South Atlantic,South Carolina,1965,4504
Midwest,West North Central,South Dakota,1965,415
South,East South Central,Tennessee,1965,5333
South,West South Central,Texas,1965,21029
West,Mountain,Utah,1965,886
Northeast,New England,Vermont,1965,89
South,South Atlantic,Virginia,1965,10145
West,Pacific,Washington,1965,3081
South,South Atlantic,West Virginia,1965,1413
Midwest,East North Central,Wisconsin,1965,1911
West,Mountain,Wyoming,1965,257
South,East South Central,Alabama,1966,8098
West,Pacific,Alaska,1966,409
West,Mountain,Arizona,1966,3272
South,West South Central,Arkansas,1966,3185
West,Pacific,California,1966,57718
West,Mountain,Colorado,1966,3340
Northeast,New England,Connecticut,1966,2146
South,South Atlantic,Delaware,1966,655
South,South Atlantic,District of Columbia,1966,7155
South,South Atlantic,Florida,1966,20069
South,South Atlantic,Georgia,1966,9066
West,Pacific,Hawaii,1966,598
West,Mountain,Idaho,1966,461
Midwest,East North Central,Illinois,1966,39116
Midwest,East North Central,Indiana,1966,7196
Midwest,West North Central,Iowa,1966,1214
Midwest,West North Central,Kansas,1966,2517
South,East South Central,Kentucky,1966,4191
South,West South Central,Louisiana,1966,8689
Northeast,New England,Maine,1966,486
South,South Atlantic,Maryland,1966,11236
Northeast,New England,Massachusetts,1966,6201
Midwest,East North Central,Michigan,1966,27806
Midwest,West North Central,Minnesota,1966,3691
South,East South Central,Mississippi,1966,3504
Midwest,West North Central,Missouri,1966,11149
West,Mountain,Montana,1966,507
Midwest,West North Central,Nebraska,1966,941
West,Mountain,Nevada,1966,987
Northeast,New England,New Hampshire,1966,259
Northeast,Middle Atlantic,New Jersey,1966,11168
West,Mountain,New Mexico,1966,2221
Northeast,Middle Atlantic,New York,1966,62561
South,South Atlantic,North Carolina,1966,14775
Midwest,West North Central,North Dakota,1966,231
Midwest,East North Central,Ohio,1966,15626
South,West South Central,Oklahoma,1966,3552
West,Pacific,Oregon,1966,2470
Northeast,Middle Atlantic,Pennsylvania,1966,15169
Northeast,New England,Rhode Island,1966,849
South,South Atlantic,South Carolina,1966,5844
Midwest,West North Central,South Dakota,1966,568
South,East South Central,Tennessee,1966,6145
South,West South Central,Texas,1966,24382
West,Mountain,Utah,1966,1148
Northeast,New England,Vermont,1966,80
South,South Atlantic,Virginia,1966,10399
West,Pacific,Washington,1966,3673
South,South Atlantic,West Virginia,1966,1613
Midwest,East North Central,Wisconsin,1966,1984
West,Mountain,Wyoming,1966,273
South,East South Central,Alabama,1967,8448
West,Pacific,Alaska,1967,437
West,Mountain,Arizona,1967,3892
South,West South Central,Arkansas,1967,4320
West,Pacific,California,1967,67446
West,Mountain,Colorado,1967,3789
Northeast,New England,Connecticut,1967,2804
South,South Atlantic,Delaware,1967,948
South,South Atlantic,District of Columbia,1967,9252
South,South Atlantic,Florida,1967,23399
South,South Atlantic,Georgia,1967,8536
West,Pacific,Hawaii,1967,591
West,Mountain,Idaho,1967,478
Midwest,East North Central,Illinois,1967,42956
Midwest,East North Central,Indiana,1967,8143
Midwest,West North Central,Iowa,1967,1608
Midwest,West North Central,Kansas,1967,3248
South,East South Central,Kentucky,1967,4484
South,West South Central,Louisiana,1967,10071
Northeast,New England,Maine,1967,621
South,South Atlantic,Maryland,1967,17458
Northeast,New England,Massachusetts,1967,6919
Midwest,East North Central,Michigan,1967,33390
Midwest,West North Central,Minnesota,1967,4727
South,East South Central,Mississippi,1967,2672
Midwest,West North Central,Missouri,1967,12746
West,Mountain,Montana,1967,588
Midwest,West North Central,Nebraska,1967,1624
West,Mountain,Nevada,1967,1100
Northeast,New England,New Hampshire,1967,218
Northeast,Middle Atlantic,New Jersey,1967,13204
West,Mountain,New Mexico,1967,2325
Northeast,Middle Atlantic,New York,1967,75124
South,South Atlantic,North Carolina,1967,15995
Midwest,West North Central,North Dakota,1967,185
Midwest,East North Central,Ohio,1967,19344
South,West South Central,Oklahoma,1967,3703
West,Pacific,Oregon,1967,3147
Northeast,Middle Atlantic,Pennsylvania,1967,16119
Northeast,New England,Rhode Island,1967,1156
South,South Atlantic,South Carolina,1967,6015
Midwest,West North Central,South Dakota,1967,586
South,East South Central,Tennessee,1967,8111
South,West South Central,Texas,1967,26749
West,Mountain,Utah,1967,1194
Northeast,New England,Vermont,1967,86
South,South Atlantic,Virginia,1967,10328
West,Pacific,Washington,1967,4754
South,South Atlantic,West Virginia,1967,1744
Midwest,East North Central,Wisconsin,1967,2948
West,Mountain,Wyoming,1967,294
South,East South Central,Alabama,1968,8288
West,Pacific,Alaska,1968,486
West,Mountain,Arizona,1968,4402
South,West South Central,Arkansas,1968,4360
West,Pacific,California,1968,81293
West,Mountain,Colorado,1968,5387
Northeast,New England,Connecticut,1968,3825
South,South Atlantic,Delaware,1968,1288
South,South Atlantic,District of Columbia,1968,12180
South,South Atlantic,Florida,1968,27913
South,South Atlantic,Georgia,1968,9903
West,Pacific,Hawaii,1968,662
West,Mountain,Idaho,1968,518
Midwest,East North Central,Illinois,1968,44776
Midwest,East North Central,Indiana,1968,10229
Midwest,West North Central,Iowa,1968,1882
Midwest,West North Central,Kansas,1968,3463
South,East South Central,Kentucky,1968,5317
South,West South Central,Louisiana,1968,11742
Northeast,New England,Maine,1968,633
South,South Atlantic,Maryland,1968,23405
Northeast,New England,Massachusetts,1968,8916
Midwest,East North Central,Michigan,1968,37292
Midwest,West North Central,Minnesota,1968,5111
South,East South Central,Mississippi,1968,3397
Midwest,West North Central,Missouri,1968,15216
West,Mountain,Montana,1968,610
Midwest,West North Central,Nebraska,1968,2103
West,Mountain,Nevada,1968,1261
Northeast,New England,New Hampshire,1968,279
Northeast,Middle Atlantic,New Jersey,1968,16711
West,Mountain,New Mexico,1968,2543
Northeast,Middle Atlantic,New York,1968,98515
South,South Atlantic,North Carolina,1968,18025
Midwest,West North Central,North Dakota,1968,173
Midwest,East North Central,Ohio,1968,21228
South,West South Central,Oklahoma,1968,4473
West,Pacific,Oregon,1968,3955
Northeast,Middle Atlantic,Pennsylvania,1968,20710
Northeast,New England,Rhode Island,1968,1254
South,South Atlantic,South Carolina,1968,5853
Midwest,West North Central,South Dakota,1968,563
South,East South Central,Tennessee,1968,8766
South,West South Central,Texas,1968,29646
West,Mountain,Utah,1968,1201
Northeast,New England,Vermont,1968,157
South,South Atlantic,Virginia,1968,12821
West,Pacific,Washington,1968,6970
South,South Atlantic,West Virginia,1968,1959
Midwest,East North Central,Wisconsin,1968,3400
West,Mountain,Wyoming,1968,278
South,East South Central,Alabama,1969,8842
West,Pacific,Alaska,1969,624
West,Mountain,Arizona,1969,5742
South,West South Central,Arkansas,1969,4390
West,Pacific,California,1969,89878
West,Mountain,Colorado,1969,6275
Northeast,New England,Connecticut,1969,4415
South,South Atlantic,Delaware,1969,1588
South,South Atlantic,District of Columbia,1969,17038
South,South Atlantic,Florida,1969,29411
South,South Atlantic,Georgia,1969,11235
West,Pacific,Hawaii,1969,684
West,Mountain,Idaho,1969,806
Midwest,East North Central,Illinois,1969,49543
Midwest,East North Central,Indiana,1969,10141
Midwest,West North Central,Iowa,1969,1918
Midwest,West North Central,Kansas,1969,3873
South,East South Central,Kentucky,1969,5745
South,West South Central,Louisiana,1969,13492
Northeast,New England,Maine,1969,733
South,South Atlantic,Maryland,1969,24295
Northeast,New England,Massachusetts,1969,10272
Midwest,East North Central,Michigan,1969,44048
Midwest,West North Central,Minnesota,1969,5253
South,East South Central,Mississippi,1969,3354
Midwest,West North Central,Missouri,1969,18260
West,Mountain,Montana,1969,682
Midwest,West North Central,Nebraska,1969,2302
West,Mountain,Nevada,1969,1642
Northeast,New England,New Hampshire,1969,325
Northeast,Middle Atlantic,New Jersey,1969,17226
West,Mountain,New Mexico,1969,2881
Northeast,Middle Atlantic,New York,1969,105870
South,South Atlantic,North Carolina,1969,18117
Midwest,West North Central,North Dakota,1969,220
Midwest,East North Central,Ohio,1969,26648
South,West South Central,Oklahoma,1969,4775
West,Pacific,Oregon,1969,4527
Northeast,Middle Atlantic,Pennsylvania,1969,22887
Northeast,New England,Rhode Island,1969,1594
South,South Atlantic,South Carolina,1969,6449
Midwest,West North Central,South Dakota,1969,510
South,East South Central,Tennessee,1969,9235
South,West South Central,Texas,1969,36707
West,Mountain,Utah,1969,1460
Northeast,New England,Vermont,1969,234
South,South Atlantic,Virginia,1969,12433
West,Pacific,Washington,1969,8243
South,South Atlantic,West Virginia,1969,1766
Midwest,East North Central,Wisconsin,1969,3411
West,Mountain,Wyoming,1969,286
South,East South Central,Alabama,1970,10185
West,Pacific,Alaska,1970,840
West,Mountain,Arizona,1970,6564
South,West South Central,Arkansas,1970,4276
West,Pacific,California,1970,94741
West,Mountain,Colorado,1970,7874
Northeast,New England,Connecticut,1970,5167
South,South Atlantic,Delaware,1970,1795
South,South Atlantic,District of Columbia,1970,16846
South,South Atlantic,Florida,1970,33824
South,South Atlantic,Georgia,1970,13976
West,Pacific,Hawaii,1970,938
West,Mountain,Idaho,1970,879
Midwest,East North Central,Illinois,1970,52006
Midwest,East North Central,Indiana,1970,12184
Midwest,West North Central,Iowa,1970,2241
Midwest,West North Central,Kansas,1970,4561
South,East South Central,Kentucky,1970,7157
South,West South Central,Louisiana,1970,15063
Northeast,New England,Maine,1970,887
South,South Atlantic,Maryland,1970,24512
Northeast,New England,Massachusetts,1970,11542
Midwest,East North Central,Michigan,1970,51090
Midwest,West North Central,Minnesota,1970,5782
South,East South Central,Mississippi,1970,3974
Midwest,West North Central,Missouri,1970,18986
West,Mountain,Montana,1970,774
Midwest,West North Central,Nebraska,1970,2731
West,Mountain,Nevada,1970,1948
Northeast,New England,New Hampshire,1970,413
Northeast,Middle Atlantic,New Jersey,1970,20583
West,Mountain,New Mexico,1970,3093
Northeast,Middle Atlantic,New York,1970,124613
South,South Atlantic,North Carolina,1970,18814
Midwest,West North Central,North Dakota,1970,211
Midwest,East North Central,Ohio,1970,30279
South,West South Central,Oklahoma,1970,5194
West,Pacific,Oregon,1970,5373
Northeast,Middle Atlantic,Pennsylvania,1970,25970
Northeast,New England,Rhode Island,1970,1944
South,South Atlantic,South Carolina,1970,7412
Midwest,West North Central,South Dakota,1970,616
South,East South Central,Tennessee,1970,10787
South,West South Central,Texas,1970,40897
West,Mountain,Utah,1970,1459
Northeast,New England,Vermont,1970,329
South,South Atlantic,Virginia,1970,14040
West,Pacific,Washington,1970,7546
South,South Atlantic,West Virginia,1970,2158
Midwest,East North Central,Wisconsin,1970,3792
West,Mountain,Wyoming,1970,376
South,East South Central,Alabama,1971,10835
West,Pacific,Alaska,1971,1112
West,Mountain,Arizona,1971,7407
South,West South Central,Arkansas,1971,4680
West,Pacific,California,1971,104872
West,Mountain,Colorado,1971,8530
Northeast,New England,Connecticut,1971,5968
South,South Atlantic,Delaware,1971,2060
South,South Atlantic,District of Columbia,1971,16084
South,South Atlantic,Florida,1971,38575
South,South Atlantic,Georgia,1971,15898
West,Pacific,Hawaii,1971,1830
West,Mountain,Idaho,1971,917
Midwest,East North Central,Illinois,1971,53436
Midwest,East North Central,Indiana,1971,13031
Midwest,West North Central,Iowa,1971,2822
Midwest,West North Central,Kansas,1971,4843
South,East South Central,Kentucky,1971,7717
South,West South Central,Louisiana,1971,15208
Northeast,New England,Maine,1971,903
South,South Atlantic,Maryland,1971,24857
Northeast,New England,Massachusetts,1971,15317
Midwest,East North Central,Michigan,1971,51697
Midwest,West North Central,Minnesota,1971,5993
South,East South Central,Mississippi,1971,6151
Midwest,West North Central,Missouri,1971,18357
West,Mountain,Montana,1971,971
Midwest,West North Central,Nebraska,1971,2355
West,Mountain,Nevada,1971,1887
Northeast,New England,New Hampshire,1971,580
Northeast,Middle Atlantic,New Jersey,1971,26441
West,Mountain,New Mexico,1971,3994
Northeast,Middle Atlantic,New York,1971,145048
South,South Atlantic,North Carolina,1971,19952
Midwest,West North Central,North Dakota,1971,238
Midwest,East North Central,Ohio,1971,32159
South,West South Central,Oklahoma,1971,6719
West,Pacific,Oregon,1971,6335
Northeast,Middle Atlantic,Pennsylvania,1971,31917
Northeast,New England,Rhode Island,1971,2129
South,South Atlantic,South Carolina,1971,8188
Midwest,West North Central,South Dakota,1971,644
South,East South Central,Tennessee,1971,12520
South,West South Central,Texas,1971,43089
West,Mountain,Utah,1971,1689
Northeast,New England,Vermont,1971,333
South,South Atlantic,Virginia,1971,15384
West,Pacific,Washington,1971,8155
South,South Atlantic,West Virginia,1971,2311
Midwest,East North Central,Wisconsin,1971,3957
West,Mountain,Wyoming,1971,532
South,East South Central,Alabama,1972,10994
West,Pacific,Alaska,1972,1204
West,Mountain,Arizona,1972,8731
South,West South Central,Arkansas,1972,4840
West,Pacific,California,1972,110667
West,Mountain,Colorado,1972,9555
Northeast,New England,Connecticut,1972,6138
South,South Atlantic,Delaware,1972,2181
South,South Atlantic,District of Columbia,1972,12607
South,South Atlantic,Florida,1972,40252
South,South Atlantic,Georgia,1972,17823
West,Pacific,Hawaii,1972,1258
West,Mountain,Idaho,1972,1085
Midwest,East North Central,Illinois,1972,57162
Midwest,East North Central,Indiana,1972,12968
Midwest,West North Central,Iowa,1972,2519
Midwest,West North Central,Kansas,1972,4737
South,East South Central,Kentucky,1972,7446
South,West South Central,Louisiana,1972,15712
Northeast,New England,Maine,1972,1143
South,South Atlantic,Maryland,1972,26412
Northeast,New England,Massachusetts,1972,17086
Midwest,East North Central,Michigan,1972,50425
Midwest,West North Central,Minnesota,1972,6798
South,East South Central,Mississippi,1972,7076
Midwest,West North Central,Missouri,1972,18223
West,Mountain,Montana,1972,1079
Midwest,West North Central,Nebraska,1972,2638
West,Mountain,Nevada,1972,2264
Northeast,New England,New Hampshire,1972,491
Northeast,Middle Atlantic,New Jersey,1972,27577
West,Mountain,New Mexico,1972,4598
Northeast,Middle Atlantic,New York,1972,138542
South,South Atlantic,North Carolina,1972,22087
Midwest,West North Central,North Dakota,1972,290
Midwest,East North Central,Ohio,1972,32286
South,West South Central,Oklahoma,1972,6289
West,Pacific,Oregon,1972,6494
Northeast,Middle Atlantic,Pennsylvania,1972,33052
Northeast,New England,Rhode Island,1972,2424
South,South Atlantic,South Carolina,1972,10312
Midwest,West North Central,South Dakota,1972,756
South,East South Central,Tennessee,1972,12858
South,West South Central,Texas,1972,41285
West,Mountain,Utah,1972,2063
Northeast,New England,Vermont,1972,445
South,South Atlantic,Virginia,1972,16483
West,Pacific,Washington,1972,8627
South,South Atlantic,West Virginia,1972,2299
Midwest,East North Central,Wisconsin,1972,4358
West,Mountain,Wyoming,1972,511
South,East South Central,Alabama,1973,12390
West,Pacific,Alaska,1973,1269
West,Mountain,Arizona,1973,9877
South,West South Central,Arkansas,1973,5905
West,Pacific,California,1973,116563
West,Mountain,Colorado,1973,10088
Northeast,New England,Connecticut,1973,6421
South,South Atlantic,Delaware,1973,2016
South,South Atlantic,District of Columbia,1973,11626
South,South Atlantic,Florida,1973,46419
South,South Atlantic,Georgia,1973,19738
West,Pacific,Hawaii,1973,1295
West,Mountain,Idaho,1973,1264
Midwest,East North Central,Illinois,1973,62457
Midwest,East North Central,Indiana,1973,13696
Midwest,West North Central,Iowa,1973,2970
Midwest,West North Central,Kansas,1973,4956
South,East South Central,Kentucky,1973,7356
South,West South Central,Louisiana,1973,16020
Northeast,New England,Maine,1973,1258
South,South Atlantic,Maryland,1973,26093
Northeast,New England,Massachusetts,1973,20475
Midwest,East North Central,Michigan,1973,52921
Midwest,West North Central,Minnesota,1973,6926
South,East South Central,Mississippi,1973,7734
Midwest,West North Central,Missouri,1973,19441
West,Mountain,Montana,1973,1207
Midwest,West North Central,Nebraska,1973,2859
West,Mountain,Nevada,1973,3135
Northeast,New England,New Hampshire,1973,649
Northeast,Middle Atlantic,New Jersey,1973,28845
West,Mountain,New Mexico,1973,5219
Northeast,Middle Atlantic,New York,1973,135468
South,South Atlantic,North Carolina,1973,23086
Midwest,West North Central,North Dakota,1973,389
Midwest,East North Central,Ohio,1973,31304
South,West South Central,Oklahoma,1973,6556
West,Pacific,Oregon,1973,6512
Northeast,Middle Atlantic,Pennsylvania,1973,32397
Northeast,New England,Rhode Island,1973,2749
South,South Atlantic,South Carolina,1973,10757
Midwest,West North Central,South Dakota,1973,869
South,East South Central,Tennessee,1973,14771
South,West South Central,Texas,1973,45458
West,Mountain,Utah,1973,2412
Northeast,New England,Vermont,1973,327
South,South Atlantic,Virginia,1973,16007
West,Pacific,Washington,1973,9309
South,South Atlantic,West Virginia,1973,2219
Midwest,East North Central,Wisconsin,1973,5273
West,Mountain,Wyoming,1973,763
South,East South Central,Alabama,1974,13338
West,Pacific,Alaska,1974,1527
West,Mountain,Arizona,1974,12202
South,West South Central,Arkansas,1974,6521
West,Pacific,California,1974,127658
West,Mountain,Colorado,1974,10728
Northeast,New England,Connecticut,1974,7045
South,South Atlantic,Delaware,1974,2539
South,South Atlantic,District of Columbia,1974,11590
South,South Atlantic,Florida,1974,54821
South,South Atlantic,Georgia,1974,21587
West,Pacific,Hawaii,1974,1762
West,Mountain,Idaho,1974,1465
Midwest,East North Central,Illinois,1974,69806
Midwest,East North Central,Indiana,1974,15631
Midwest,West North Central,Iowa,1974,3455
Midwest,West North Central,Kansas,1974,6272
South,East South Central,Kentucky,1974,7857
South,West South Central,Louisiana,1974,17794
Northeast,New England,Maine,1974,1440
South,South Atlantic,Maryland,1974,29439
Northeast,New England,Massachusetts,1974,22545
Midwest,East North Central,Michigan,1974,59993
Midwest,West North Central,Minnesota,1974,8119
South,East South Central,Mississippi,1974,7782
Midwest,West North Central,Missouri,1974,21612
West,Mountain,Montana,1974,1194
Midwest,West North Central,Nebraska,1974,3697
West,Mountain,Nevada,1974,3910
Northeast,New England,New Hampshire,1974,739
Northeast,Middle Atlantic,New Jersey,1974,29568
West,Mountain,New Mexico,1974,5053
Northeast,Middle Atlantic,New York,1974,145427
South,South Atlantic,North Carolina,1974,26220
Midwest,West North Central,North Dakota,1974,319
Midwest,East North Central,Ohio,1974,39094
South,West South Central,Oklahoma,1974,7588
West,Pacific,Oregon,1974,8326
Northeast,Middle Atlantic,Pennsylvania,1974,37281
Northeast,New England,Rhode Island,1974,2651
South,South Atlantic,South Carolina,1974,12688
Midwest,West North Central,South Dakota,1974,1234
South,East South Central,Tennessee,1974,15969
South,West South Central,Texas,1974,47008
West,Mountain,Utah,1974,2517
Northeast,New England,Vermont,1974,353
South,South Atlantic,Virginia,1974,17514
West,Pacific,Washington,1974,12036
South,South Atlantic,West Virginia,1974,2460
Midwest,East North Central,Wisconsin,1974,6411
West,Mountain,Wyoming,1974,519
South,East South Central,Alabama,1975,14201
West,Pacific,Alaska,1975,1900
West,Mountain,Arizona,1975,12184
South,West South Central,Arkansas,1975,7369
West,Pacific,California,1975,138842
West,Mountain,Colorado,1975,11735
Northeast,New England,Connecticut,1975,8308
South,South Atlantic,Delaware,1975,2270
South,South Atlantic,District of Columbia,1975,12704
South,South Atlantic,Florida,1975,57540
South,South Atlantic,Georgia,1975,22608
West,Pacific,Hawaii,1975,1889
West,Mountain,Idaho,1975,1670
Midwest,East North Central,Illinois,1975,74699
Midwest,East North Central,Indiana,1975,17677
Midwest,West North Central,Iowa,1975,4039
Midwest,West North Central,Kansas,1975,6307
South,East South Central,Kentucky,1975,8967
South,West South Central,Louisiana,1975,18137
Northeast,New England,Maine,1975,2324
South,South Atlantic,Maryland,1975,29087
Northeast,New England,Massachusetts,1975,25793
Midwest,East North Central,Michigan,1975,62792
Midwest,West North Central,Minnesota,1975,8125
South,East South Central,Mississippi,1975,7411
Midwest,West North Central,Missouri,1975,23521
West,Mountain,Montana,1975,1418
Midwest,West North Central,Nebraska,1975,3986
West,Mountain,Nevada,1975,4018
Northeast,New England,New Hampshire,1975,816
Northeast,Middle Atlantic,New Jersey,1975,30215
West,Mountain,New Mexico,1975,6134
Northeast,Middle Atlantic,New York,1975,155187
South,South Atlantic,North Carolina,1975,23791
Midwest,West North Central,North Dakota,1975,337
Midwest,East North Central,Ohio,1975,43901
South,West South Central,Oklahoma,1975,8225
West,Pacific,Oregon,1975,10034
Northeast,Middle Atlantic,Pennsylvania,1975,38933
Northeast,New England,Rhode Island,1975,2802
South,South Atlantic,South Carolina,1975,14412
Midwest,West North Central,South Dakota,1975,1402
South,East South Central,Tennessee,1975,16627
South,West South Central,Texas,1975,47803
West,Mountain,Utah,1975,2795
Northeast,New England,Vermont,1975,448
South,South Atlantic,Virginia,1975,18917
West,Pacific,Washington,1975,13851
South,South Atlantic,West Virginia,1975,2915
Midwest,East North Central,Wisconsin,1975,6992
West,Mountain,Wyoming,1975,764
South,East South Central,Alabama,1976,14248
West,Pacific,Alaska,1976,2063
West,Mountain,Arizona,1976,10335
South,West South Central,Arkansas,1976,6410
West,Pacific,California,1976,144041
West,Mountain,Colorado,1976,10770
Northeast,New England,Connecticut,1976,8516
South,South Atlantic,Delaware,1976,1872
South,South Atlantic,District of Columbia,1976,10399
South,South Atlantic,Florida,1976,54597
South,South Atlantic,Georgia,1976,21030
West,Pacific,Hawaii,1976,2034
West,Mountain,Idaho,1976,1884
Midwest,East North Central,Illinois,1976,70266
Midwest,East North Central,Indiana,1976,16721
Midwest,West North Central,Iowa,1976,3813
Midwest,West North Central,Kansas,1976,6529
South,East South Central,Kentucky,1976,8987
South,West South Central,Louisiana,1976,18161
Northeast,New England,Maine,1976,2354
South,South Atlantic,Maryland,1976,26249
Northeast,New England,Massachusetts,1976,23190
Midwest,East North Central,Michigan,1976,58814
Midwest,West North Central,Minnesota,1976,7492
South,East South Central,Mississippi,1976,6954
Midwest,West North Central,Missouri,1976,21470
West,Mountain,Montana,1976,1358
Midwest,West North Central,Nebraska,1976,3269
West,Mountain,Nevada,1976,4215
Northeast,New England,New Hampshire,1976,709
Northeast,Middle Atlantic,New Jersey,1976,29107
West,Mountain,New Mexico,1976,6475
Northeast,Middle Atlantic,New York,1976,156988
South,South Atlantic,North Carolina,1976,22061
Midwest,West North Central,North Dakota,1976,462
Midwest,East North Central,Ohio,1976,41553
South,West South Central,Oklahoma,1976,7926
West,Pacific,Oregon,1976,10654
Northeast,Middle Atlantic,Pennsylvania,1976,34985
Northeast,New England,Rhode Island,1976,2779
South,South Atlantic,South Carolina,1976,17065
Midwest,West North Central,South Dakota,1976,1277
South,East South Central,Tennessee,1976,16574
South,West South Central,Texas,1976,44422
West,Mountain,Utah,1976,2709
Northeast,New England,Vermont,1976,563
South,South Atlantic,Virginia,1976,15485
West,Pacific,Washington,1976,14036
South,South Atlantic,West Virginia,1976,2761
Midwest,East North Central,Wisconsin,1976,6345
West,Mountain,Wyoming,1976,851
South,East South Central,Alabama,1977,15293
West,Pacific,Alaska,1977,1804
West,Mountain,Arizona,1977,11347
South,West South Central,Arkansas,1977,6924
West,Pacific,California,1977,154582
West,Mountain,Colorado,1977,13407
Northeast,New England,Connecticut,1977,8774
South,South Atlantic,Delaware,1977,2224
South,South Atlantic,District of Columbia,1977,9843
South,South Atlantic,Florida,1977,58052
South,South Atlantic,Georgia,1977,22203
West,Pacific,Hawaii,1977,2012
West,Mountain,Idaho,1977,2030
Midwest,East North Central,Illinois,1977,70910
Midwest,East North Central,Indiana,1977,16553
Midwest,West North Central,Iowa,1977,4145
Midwest,West North Central,Kansas,1977,7206
South,East South Central,Kentucky,1977,8077
South,West South Central,Louisiana,1977,20577
Northeast,New England,Maine,1977,2438
South,South Atlantic,Maryland,1977,28716
Northeast,New England,Massachusetts,1977,24593
Midwest,East North Central,Michigan,1977,53381
Midwest,West North Central,Minnesota,1977,7705
South,East South Central,Mississippi,1977,6896
Midwest,West North Central,Missouri,1977,22105
West,Mountain,Montana,1977,1659
Midwest,West North Central,Nebraska,1977,3113
West,Mountain,Nevada,1977,4703
Northeast,New England,New Hampshire,1977,960
Northeast,Middle Atlantic,New Jersey,1977,28732
West,Mountain,New Mexico,1977,5961
Northeast,Middle Atlantic,New York,1977,149087
South,South Atlantic,North Carolina,1977,22492
Midwest,West North Central,North Dakota,1977,438
Midwest,East North Central,Ohio,1977,43521
South,West South Central,Oklahoma,1977,8899
West,Pacific,Oregon,1977,10830
Northeast,Middle Atlantic,Pennsylvania,1977,33328
Northeast,New England,Rhode Island,1977,2820
South,South Atlantic,South Carolina,1977,18297
Midwest,West North Central,South Dakota,1977,1303
South,East South Central,Tennessee,1977,16743
South,West South Central,Texas,1977,52309
West,Mountain,Utah,1977,3043
Northeast,New England,Vermont,1977,722
South,South Atlantic,Virginia,1977,14893
West,Pacific,Washington,1977,13714
South,South Atlantic,West Virginia,1977,2832
Midwest,East North Central,Wisconsin,1977,6117
West,Mountain,Wyoming,1977,978
South,East South Central,Alabama,1978,15682
West,Pacific,Alaska,1978,1781
West,Mountain,Arizona,1978,12996
South,West South Central,Arkansas,1978,7522
West,Pacific,California,1978,165626
West,Mountain,Colorado,1978,13296
Northeast,New England,Connecticut,1978,9762
South,South Atlantic,Delaware,1978,2569
South,South Atlantic,District of Columbia,1978,9515
South,South Atlantic,Florida,1978,65792
South,South Atlantic,Georgia,1978,24545
West,Pacific,Hawaii,1978,2423
West,Mountain,Idaho,1978,2076
Midwest,East North Central,Illinois,1978,76084
Midwest,East North Central,Indiana,1978,17383
Midwest,West North Central,Iowa,1978,4674
Midwest,West North Central,Kansas,1978,7471
South,East South Central,Kentucky,1978,7807
South,West South Central,Louisiana,1978,23197
Northeast,New England,Maine,1978,2266
South,South Atlantic,Maryland,1978,30328
Northeast,New England,Massachusetts,1978,26673
Midwest,East North Central,Michigan,1978,53040
Midwest,West North Central,Minnesota,1978,7601
South,East South Central,Mississippi,1978,7721
Midwest,West North Central,Missouri,1978,22738
West,Mountain,Montana,1978,1865
Midwest,West North Central,Nebraska,1978,2982
West,Mountain,Nevada,1978,5153
Northeast,New England,New Hampshire,1978,1035
Northeast,Middle Atlantic,New Jersey,1978,31027
West,Mountain,New Mexico,1978,6402
Northeast,Middle Atlantic,New York,1978,149257
South,South Atlantic,North Carolina,1978,23054
Midwest,West North Central,North Dakota,1978,437
Midwest,East North Central,Ohio,1978,44357
South,West South Central,Oklahoma,1978,10165
West,Pacific,Oregon,1978,12278
Northeast,Middle Atlantic,Pennsylvania,1978,35381
Northeast,New England,Rhode Island,1978,3255
South,South Atlantic,South Carolina,1978,18604
Midwest,West North Central,South Dakota,1978,1128
South,East South Central,Tennessee,1978,16671
South,West South Central,Texas,1978,56650
West,Mountain,Utah,1978,3552
Northeast,New England,Vermont,1978,810
South,South Atlantic,Virginia,1978,14743
West,Pacific,Washington,1978,15296
South,South Atlantic,West Virginia,1978,3120
Midwest,East North Central,Wisconsin,1978,6184
West,Mountain,Wyoming,1978,1189
South,East South Central,Alabama,1979,15578
West,Pacific,Alaska,1979,1994
West,Mountain,Arizona,1979,14528
South,West South Central,Arkansas,1979,7984
West,Pacific,California,1979,184087
West,Mountain,Colorado,1979,14472
Northeast,New England,Connecticut,1979,12902
South,South Atlantic,Delaware,1979,3127
South,South Atlantic,District of Columbia,1979,10553
South,South Atlantic,Florida,1979,73881
South,South Atlantic,Georgia,1979,28594
West,Pacific,Hawaii,1979,2651
West,Mountain,Idaho,1979,2613
Midwest,East North Central,Illinois,1979,83540
Midwest,East North Central,Indiana,1979,18254
Midwest,West North Central,Iowa,1979,5259
Midwest,West North Central,Kansas,1979,8376
South,East South Central,Kentucky,1979,8748
South,West South Central,Louisiana,1979,27229
Northeast,New England,Maine,1979,2221
South,South Atlantic,Maryland,1979,33007
Northeast,New England,Massachusetts,1979,30650
Midwest,East North Central,Michigan,1979,56558
Midwest,West North Central,Minnesota,1979,8973
South,East South Central,Mississippi,1979,7786
Midwest,West North Central,Missouri,1979,25662
West,Mountain,Montana,1979,1762
Midwest,West North Central,Nebraska,1979,3556
West,Mountain,Nevada,1979,5866
Northeast,New England,New Hampshire,1979,1241
Northeast,Middle Atlantic,New Jersey,1979,36747
West,Mountain,New Mexico,1979,7272
Northeast,Middle Atlantic,New York,1979,161906
South,South Atlantic,North Carolina,1979,25009
Midwest,West North Central,North Dakota,1979,403
Midwest,East North Central,Ohio,1979,49092
South,West South Central,Oklahoma,1979,11719
West,Pacific,Oregon,1979,13781
Northeast,Middle Atlantic,Pennsylvania,1979,39133
Northeast,New England,Rhode Island,1979,3485
South,South Atlantic,South Carolina,1979,19889
Midwest,West North Central,South Dakota,1979,1096
South,East South Central,Tennessee,1979,18135
South,West South Central,Texas,1979,67988
West,Mountain,Utah,1979,4158
Northeast,New England,Vermont,1979,908
South,South Atlantic,Virginia,1979,15642
West,Pacific,Washington,1979,17064
South,South Atlantic,West Virginia,1979,3156
Midwest,East North Central,Wisconsin,1979,7839
West,Mountain,Wyoming,1979,1579
South,East South Central,Alabama,1980,17320
West,Pacific,Alaska,1980,1919
West,Mountain,Arizona,1980,17673
South,West South Central,Arkansas,1980,7656
West,Pacific,California,1980,210290
West,Mountain,Colorado,1980,15215
Northeast,New England,Connecticut,1980,12768
South,South Atlantic,Delaware,1980,2824
South,South Atlantic,District of Columbia,1980,12772
South,South Atlantic,Florida,1980,94095
South,South Atlantic,Georgia,1980,29993
West,Pacific,Hawaii,1980,2889
West,Mountain,Idaho,1980,2957
Midwest,East North Central,Illinois,1980,91753
Midwest,East North Central,Indiana,1980,20633
Midwest,West North Central,Iowa,1980,5826
Midwest,West North Central,Kansas,1980,9168
South,East South Central,Kentucky,1980,9711
South,West South Central,Louisiana,1980,27926
Northeast,New England,Maine,1980,2173
South,South Atlantic,Maryland,1980,35735
Northeast,New England,Massachusetts,1980,34444
Midwest,East North Central,Michigan,1980,59014
Midwest,West North Central,Minnesota,1980,9250
South,East South Central,Mississippi,1980,8588
Midwest,West North Central,Missouri,1980,27177
West,Mountain,Montana,1980,1740
Midwest,West North Central,Nebraska,1980,3512
West,Mountain,Nevada,1980,7304
Northeast,New England,New Hampshire,1980,1653
Northeast,Middle Atlantic,New Jersey,1980,44373
West,Mountain,New Mexico,1980,7967
Northeast,Middle Atlantic,New York,1980,180235
South,South Atlantic,North Carolina,1980,26589
Midwest,West North Central,North Dakota,1980,352
Midwest,East North Central,Ohio,1980,53646
South,West South Central,Oklahoma,1980,12589
West,Pacific,Oregon,1980,12802
Northeast,Middle Atlantic,Pennsylvania,1980,43032
Northeast,New England,Rhode Island,1980,3864
South,South Atlantic,South Carolina,1980,20225
Midwest,West North Central,South Dakota,1980,873
South,East South Central,Tennessee,1980,20824
South,West South Central,Texas,1980,77978
West,Mountain,Utah,1980,4425
Northeast,New England,Vermont,1980,914
South,South Atlantic,Virginia,1980,16355
West,Pacific,Washington,1980,19098
South,South Atlantic,West Virginia,1980,3547
Midwest,East North Central,Wisconsin,1980,8546
West,Mountain,Wyoming,1980,1841
South,East South Central,Alabama,1981,18423
West,Pacific,Alaska,1981,2537
West,Mountain,Arizona,1981,16082
South,West South Central,Arkansas,1981,7119
West,Pacific,California,1981,208485
West,Mountain,Colorado,1981,15755
Northeast,New England,Connecticut,1981,14033
South,South Atlantic,Delaware,1981,3044
South,South Atlantic,District of Columbia,1981,14468
South,South Atlantic,Florida,1981,98109
South,South Atlantic,Georgia,1981,30527
West,Pacific,Hawaii,1981,2424
West,Mountain,Idaho,1981,2717
Midwest,East North Central,Illinois,1981,90781
Midwest,East North Central,Indiana,1981,18672
Midwest,West North Central,Iowa,1981,5915
Midwest,West North Central,Kansas,1981,8796
South,East South Central,Kentucky,1981,10599
South,West South Central,Louisiana,1981,27478
Northeast,New England,Maine,1981,2214
South,South Atlantic,Maryland,1981,37800
Northeast,New England,Massachusetts,1981,36273
Midwest,East North Central,Michigan,1981,59058
Midwest,West North Central,Minnesota,1981,9344
South,East South Central,Mississippi,1981,7706
Midwest,West North Central,Missouri,1981,26675
West,Mountain,Montana,1981,2004
Midwest,West North Central,Nebraska,1981,2861
West,Mountain,Nevada,1981,7575
Northeast,New England,New Hampshire,1981,1375
Northeast,Middle Atlantic,New Jersey,1981,46674
West,Mountain,New Mexico,1981,8913
Northeast,Middle Atlantic,New York,1981,188178
South,South Atlantic,North Carolina,1981,25986
Midwest,West North Central,North Dakota,1981,444
Midwest,East North Central,Ohio,1981,53509
South,West South Central,Oklahoma,1981,13223
West,Pacific,Oregon,1981,12671
Northeast,Middle Atlantic,Pennsylvania,1981,44104
Northeast,New England,Rhode Island,1981,4205
South,South Atlantic,South Carolina,1981,20275
Midwest,West North Central,South Dakota,1981,718
South,East South Central,Tennessee,1981,19019
South,West South Central,Texas,1981,78560
West,Mountain,Utah,1981,4527
Northeast,New England,Vermont,1981,659
South,South Atlantic,Virginia,1981,17456
West,Pacific,Washington,1981,18839
South,South Atlantic,West Virginia,1981,3410
Midwest,East North Central,Wisconsin,1981,8904
West,Mountain,Wyoming,1981,2116
South,East South Central,Alabama,1982,17653
West,Pacific,Alaska,1982,2732
West,Mountain,Arizona,1982,14785
South,West South Central,Arkansas,1982,7438
West,Pacific,California,1982,201429
West,Mountain,Colorado,1982,15354
Northeast,New England,Connecticut,1982,12597
South,South Atlantic,Delaware,1982,3370
South,South Atlantic,District of Columbia,1982,13397
South,South Atlantic,Florida,1982,93411
South,South Atlantic,Georgia,1982,26963
West,Pacific,Hawaii,1982,2542
West,Mountain,Idaho,1982,2501
Midwest,East North Central,Illinois,1982,88644
Midwest,East North Central,Indiana,1982,16444
Midwest,West North Central,Iowa,1982,5018
Midwest,West North Central,Kansas,1982,8088
South,East South Central,Kentucky,1982,11550
South,West South Central,Louisiana,1982,29185
Northeast,New England,Maine,1982,1847
South,South Atlantic,Maryland,1982,36254
Northeast,New England,Massachusetts,1982,33031
Midwest,East North Central,Michigan,1982,59806
Midwest,West North Central,Minnesota,1982,9062
South,East South Central,Mississippi,1982,7515
Midwest,West North Central,Missouri,1982,25078
West,Mountain,Montana,1982,1801
Midwest,West North Central,Nebraska,1982,3641
West,Mountain,Nevada,1982,7096
Northeast,New England,New Hampshire,1982,1187
Northeast,Middle Atlantic,New Jersey,1982,45175
West,Mountain,New Mexico,1982,9982
Northeast,Middle Atlantic,New York,1982,174833
South,South Atlantic,North Carolina,1982,26865
Midwest,West North Central,North Dakota,1982,414
Midwest,East North Central,Ohio,1982,47126
South,West South Central,Oklahoma,1982,14103
West,Pacific,Oregon,1982,12529
Northeast,Middle Atlantic,Pennsylvania,1982,42767
Northeast,New England,Rhode Island,1982,3849
South,South Atlantic,South Carolina,1982,23061
Midwest,West North Central,South Dakota,1982,684
South,East South Central,Tennessee,1982,19586
South,West South Central,Texas,1982,88178
West,Mountain,Utah,1982,4440
Northeast,New England,Vermont,1982,655
South,South Atlantic,Virginia,1982,16970
West,Pacific,Washington,1982,17251
South,South Atlantic,West Virginia,1982,3405
Midwest,East North Central,Wisconsin,1982,9077
West,Mountain,Wyoming,1982,1527
South,East South Central,Alabama,1983,16471
West,Pacific,Alaska,1983,2940
West,Mountain,Arizona,1983,14642
South,West South Central,Arkansas,1983,6930
West,Pacific,California,1983,194491
West,Mountain,Colorado,1983,14955
Northeast,New England,Connecticut,1983,11767
South,South Atlantic,Delaware,1983,2746
South,South Atlantic,District of Columbia,1983,11933
South,South Atlantic,Florida,1983,88292
South,South Atlantic,Georgia,1983,26179
West,Pacific,Hawaii,1983,2579
West,Mountain,Idaho,1983,2361
Midwest,East North Central,Illinois,1983,83629
Midwest,East North Central,Indiana,1983,15547
Midwest,West North Central,Iowa,1983,5262
Midwest,West North Central,Kansas,1983,7919
South,East South Central,Kentucky,1983,11967
South,West South Central,Louisiana,1983,28444
Northeast,New England,Maine,1983,1829
South,South Atlantic,Maryland,1983,34736
Northeast,New England,Massachusetts,1983,33264
Midwest,East North Central,Michigan,1983,64993
Midwest,West North Central,Minnesota,1983,7909
South,East South Central,Mississippi,1983,7255
Midwest,West North Central,Missouri,1983,23718
West,Mountain,Montana,1983,1737
Midwest,West North Central,Nebraska,1983,3477
West,Mountain,Nevada,1983,5838
Northeast,New England,New Hampshire,1983,1200
Northeast,Middle Atlantic,New Jersey,1983,41304
West,Mountain,New Mexico,1983,9608
Northeast,Middle Atlantic,New York,1983,161489
South,South Atlantic,North Carolina,1983,24911
Midwest,West North Central,North Dakota,1983,365
Midwest,East North Central,Ohio,1983,42759
South,West South Central,Oklahoma,1983,13964
West,Pacific,Oregon,1983,12986
Northeast,Middle Atlantic,Pennsylvania,1983,40782
Northeast,New England,Rhode Island,1983,3392
South,South Atlantic,South Carolina,1983,20133
Midwest,West North Central,South Dakota,1983,840
South,East South Central,Tennessee,1983,18836
South,West South Central,Texas,1983,80546
West,Mountain,Utah,1983,4144
Northeast,New England,Vermont,1983,696
South,South Atlantic,Virginia,1983,16236
West,Pacific,Washington,1983,15986
South,South Atlantic,West Virginia,1983,3375
Midwest,East North Central,Wisconsin,1983,9070
West,Mountain,Wyoming,1983,1219
South,East South Central,Alabama,1984,17204
West,Pacific,Alaska,1984,3108
West,Mountain,Arizona,1984,15756
South,West South Central,Arkansas,1984,7549
West,Pacific,California,1984,195589
West,Mountain,Colorado,1984,14548
Northeast,New England,Connecticut,1984,12422
South,South Atlantic,Delaware,1984,2671
South,South Atlantic,District of Columbia,1984,10725
South,South Atlantic,Florida,1984,95270
South,South Atlantic,Georgia,1984,27935
West,Pacific,Hawaii,1984,2409
West,Mountain,Idaho,1984,2355
Midwest,East North Central,Illinois,1984,83441
Midwest,East North Central,Indiana,1984,16781
Midwest,West North Central,Iowa,1984,5781
Midwest,West North Central,Kansas,1984,8147
South,East South Central,Kentucky,1984,10342
South,West South Central,Louisiana,1984,30251
Northeast,New England,Maine,1984,1832
South,South Atlantic,Maryland,1984,34455
Northeast,New England,Massachusetts,1984,30362
Midwest,East North Central,Michigan,1984,68979
Midwest,West North Central,Minnesota,1984,8802
South,East South Central,Mississippi,1984,7326
Midwest,West North Central,Missouri,1984,23071
West,Mountain,Montana,1984,1958
Midwest,West North Central,Nebraska,1984,3627
West,Mountain,Nevada,1984,5726
Northeast,New England,New Hampshire,1984,1308
Northeast,Middle Atlantic,New Jersey,1984,39659
West,Mountain,New Mexico,1984,9798
Northeast,Middle Atlantic,New York,1984,162157
South,South Atlantic,North Carolina,1984,24885
Midwest,West North Central,North Dakota,1984,368
Midwest,East North Central,Ohio,1984,41430
South,West South Central,Oklahoma,1984,13438
West,Pacific,Oregon,1984,13533
Northeast,Middle Atlantic,Pennsylvania,1984,38154
Northeast,New England,Rhode Island,1984,3220
South,South Atlantic,South Carolina,1984,20607
Midwest,West North Central,South Dakota,1984,1041
South,East South Central,Tennessee,1984,21010
South,West South Central,Texas,1984,80737
West,Mountain,Utah,1984,4035
Northeast,New England,Vermont,1984,769
South,South Atlantic,Virginia,1984,16660
West,Pacific,Washington,1984,17676
South,South Atlantic,West Virginia,1984,3283
Midwest,East North Central,Wisconsin,1984,9367
West,Mountain,Wyoming,1984,1237
South,East South Central,Alabama,1985,18398
West,Pacific,Alaska,1985,3031
West,Mountain,Arizona,1985,19202
South,West South Central,Arkansas,1985,8199
West,Pacific,California,1985,201763
West,Mountain,Colorado,1985,15219
Northeast,New England,Connecticut,1985,12758
South,South Atlantic,Delaware,1985,2695
South,South Atlantic,District of Columbia,1985,10171
South,South Atlantic,Florida,1985,106971
South,South Atlantic,Georgia,1985,30311
West,Pacific,Hawaii,1985,2313
West,Mountain,Idaho,1985,2360
Midwest,East North Central,Illinois,1985,82448
Midwest,East North Central,Indiana,1985,17014
Midwest,West North Central,Iowa,1985,6106
Midwest,West North Central,Kansas,1985,8716
South,East South Central,Kentucky,1985,11384
South,West South Central,Louisiana,1985,31108
Northeast,New England,Maine,1985,1950
South,South Atlantic,Maryland,1985,36655
Northeast,New England,Massachusetts,1985,31334
Midwest,East North Central,Michigan,1985,66714
Midwest,West North Central,Minnesota,1985,10751
South,East South Central,Mississippi,1985,7079
Midwest,West North Central,Missouri,1985,25321
West,Mountain,Montana,1985,1722
Midwest,West North Central,Nebraska,1985,3821
West,Mountain,Nevada,1985,6244
Northeast,New England,New Hampshire,1985,1405
Northeast,Middle Atlantic,New Jersey,1985,41172
West,Mountain,New Mexico,1985,10207
Northeast,Middle Atlantic,New York,1985,165365
South,South Atlantic,North Carolina,1985,26327
Midwest,West North Central,North Dakota,1985,322
Midwest,East North Central,Ohio,1985,41000
South,West South Central,Oklahoma,1985,13930
West,Pacific,Oregon,1985,14807
Northeast,Middle Atlantic,Pennsylvania,1985,39240
Northeast,New England,Rhode Island,1985,3355
South,South Atlantic,South Carolina,1985,21121
Midwest,West North Central,South Dakota,1985,967
South,East South Central,Tennessee,1985,22592
South,West South Central,Texas,1985,90030
West,Mountain,Utah,1985,4398
Northeast,New England,Vermont,1985,790
South,South Atlantic,Virginia,1985,16813
West,Pacific,Washington,1985,18757
South,South Atlantic,West Virginia,1985,3214
Midwest,East North Central,Wisconsin,1985,9880
West,Mountain,Wyoming,1985,1307
South,East South Central,Alabama,1986,22616
West,Pacific,Alaska,1986,3046
West,Mountain,Arizona,1986,21835
South,West South Central,Arkansas,1986,9365
West,Pacific,California,1986,248370
West,Mountain,Colorado,1986,17105
Northeast,New England,Connecticut,1986,13578
South,South Atlantic,Delaware,1986,2703
South,South Atlantic,District of Columbia,1986,9423
South,South Atlantic,Florida,1986,121013
South,South Atlantic,Georgia,1986,35869
West,Pacific,Hawaii,1986,2604
West,Mountain,Idaho,1986,2232
Midwest,East North Central,Illinois,1986,93454
Midwest,East North Central,Indiana,1986,16937
Midwest,West North Central,Iowa,1986,6703
Midwest,West North Central,Kansas,1986,9076
South,East South Central,Kentucky,1986,12467
South,West South Central,Louisiana,1986,34128
Northeast,New England,Maine,1986,1726
South,South Atlantic,Maryland,1986,37177
Northeast,New England,Massachusetts,1986,32476
Midwest,East North Central,Michigan,1986,73517
Midwest,West North Central,Minnesota,1986,11991
South,East South Central,Mississippi,1986,7196
Midwest,West North Central,Missouri,1986,29310
West,Mountain,Montana,1986,1289
Midwest,West North Central,Nebraska,1986,4196
West,Mountain,Nevada,1986,6923
Northeast,New England,New Hampshire,1986,1433
Northeast,Middle Atlantic,New Jersey,1986,43623
West,Mountain,New Mexico,1986,10731
Northeast,Middle Atlantic,New York,1986,175210
South,South Atlantic,North Carolina,1986,30128
Midwest,West North Central,North Dakota,1986,348
Midwest,East North Central,Ohio,1986,45260
South,West South Central,Oklahoma,1986,14423
West,Pacific,Oregon,1986,14830
Northeast,Middle Atlantic,Pennsylvania,1986,42629
Northeast,New England,Rhode Island,1986,3271
South,South Atlantic,South Carolina,1986,22789
Midwest,West North Central,South Dakota,1986,883
South,East South Central,Tennessee,1986,25919
South,West South Central,Texas,1986,109925
West,Mountain,Utah,1986,4441
Northeast,New England,Vermont,1986,807
South,South Atlantic,Virginia,1986,17708
West,Pacific,Washington,1986,19505
South,South Atlantic,West Virginia,1986,3156
Midwest,East North Central,Wisconsin,1986,12339
West,Mountain,Wyoming,1986,1486
South,East South Central,Alabama,1987,22833
West,Pacific,Alaska,1987,2391
West,Mountain,Arizona,1987,20742
South,West South Central,Arkansas,1987,9839
West,Pacific,California,1987,253943
West,Mountain,Colorado,1987,15409
Northeast,New England,Connecticut,1987,13455
South,South Atlantic,Delaware,1987,2774
South,South Atlantic,District of Columbia,1987,10016
South,South Atlantic,Florida,1987,123168
South,South Atlantic,Georgia,1987,35868
West,Pacific,Hawaii,1987,2851
West,Mountain,Idaho,1987,2138
Midwest,East North Central,Illinois,1987,92216
Midwest,East North Central,Indiana,1987,18169
Midwest,West North Central,Iowa,1987,6553
Midwest,West North Central,Kansas,1987,8932
South,East South Central,Kentucky,1987,12589
South,West South Central,Louisiana,1987,30916
Northeast,New England,Maine,1987,1806
South,South Atlantic,Maryland,1987,34820
Northeast,New England,Massachusetts,1987,33060
Midwest,East North Central,Michigan,1987,71772
Midwest,West North Central,Minnesota,1987,12118
South,East South Central,Mississippi,1987,7081
Midwest,West North Central,Missouri,1987,27792
West,Mountain,Montana,1987,1223
Midwest,West North Central,Nebraska,1987,4004
West,Mountain,Nevada,1987,7006
Northeast,New England,New Hampshire,1987,1581
Northeast,Middle Atlantic,New Jersey,1987,41507
West,Mountain,New Mexico,1987,9427
Northeast,Middle Atlantic,New York,1987,179691
South,South Atlantic,North Carolina,1987,31039
Midwest,West North Central,North Dakota,1987,382
Midwest,East North Central,Ohio,1987,45436
South,West South Central,Oklahoma,1987,13664
West,Pacific,Oregon,1987,14697
Northeast,Middle Atlantic,Pennsylvania,1987,44087
Northeast,New England,Rhode Island,1987,3547
South,South Atlantic,South Carolina,1987,22773
Midwest,West North Central,South Dakota,1987,849
South,East South Central,Tennessee,1987,25900
South,West South Central,Texas,1987,105961
West,Mountain,Utah,1987,3861
Northeast,New England,Vermont,1987,748
South,South Atlantic,Virginia,1987,17414
West,Pacific,Washington,1987,19945
South,South Atlantic,West Virginia,1987,2605
Midwest,East North Central,Wisconsin,1987,12014
West,Mountain,Wyoming,1987,1387
South,East South Central,Alabama,1988,23052
West,Pacific,Alaska,1988,2682
West,Mountain,Arizona,1988,21147
South,West South Central,Arkansas,1988,10237
West,Pacific,California,1988,261912
West,Mountain,Colorado,1988,15548
Northeast,New England,Connecticut,1988,14759
South,South Atlantic,Delaware,1988,2981
South,South Atlantic,District of Columbia,1988,11914
South,South Atlantic,Florida,1988,138343
South,South Atlantic,Georgia,1988,42589
West,Pacific,Hawaii,1988,2810
West,Mountain,Idaho,1988,2345
Midwest,East North Central,Illinois,1988,93557
Midwest,East North Central,Indiana,1988,21187
Midwest,West North Central,Iowa,1988,7279
Midwest,West North Central,Kansas,1988,9083
South,East South Central,Kentucky,1988,12284
South,West South Central,Louisiana,1988,31711
Northeast,New England,Maine,1988,1898
South,South Atlantic,Maryland,1988,37466
Northeast,New England,Massachusetts,1988,36376
Midwest,East North Central,Michigan,1988,68980
Midwest,West North Central,Minnesota,1988,12490
South,East South Central,Mississippi,1988,8544
Midwest,West North Central,Missouri,1988,28393
West,Mountain,Montana,1988,989
Midwest,West North Central,Nebraska,1988,4374
West,Mountain,Nevada,1988,8275
Northeast,New England,New Hampshire,1988,1622
Northeast,Middle Atlantic,New Jersey,1988,44993
West,Mountain,New Mexico,1988,9938
Northeast,Middle Atlantic,New York,1988,196396
South,South Atlantic,North Carolina,1988,32753
Midwest,West North Central,North Dakota,1988,392
Midwest,East North Central,Ohio,1988,49144
South,West South Central,Oklahoma,1988,14179
West,Pacific,Oregon,1988,14959
Northeast,Middle Atlantic,Pennsylvania,1988,43534
Northeast,New England,Rhode Island,1988,3947
South,South Atlantic,South Carolina,1988,25889
Midwest,West North Central,South Dakota,1988,813
South,East South Central,Tennessee,1988,26205
South,West South Central,Texas,1988,109499
West,Mountain,Utah,1988,4110
Northeast,New England,Vermont,1988,791
South,South Atlantic,Virginia,1988,17940
West,Pacific,Washington,1988,21543
South,South Atlantic,West Virginia,1988,2476
Midwest,East North Central,Wisconsin,1988,10414
West,Mountain,Wyoming,1988,1479
South,East South Central,Alabama,1989,24329
West,Pacific,Alaska,1989,2623
West,Mountain,Arizona,1989,21320
South,West South Central,Arkansas,1989,11397
West,Pacific,California,1989,284136
West,Mountain,Colorado,1989,15636
Northeast,New England,Connecticut,1989,16576
South,South Atlantic,Delaware,1989,3745
South,South Atlantic,District of Columbia,1989,12937
South,South Atlantic,Florida,1989,140575
South,South Atlantic,Georgia,1989,47357
West,Pacific,Hawaii,1989,3004
West,Mountain,Idaho,1989,2582
Midwest,East North Central,Illinois,1989,98611
Midwest,East North Central,Indiana,1989,22735
Midwest,West North Central,Iowa,1989,7563
Midwest,West North Central,Kansas,1989,10073
South,East South Central,Kentucky,1989,13302
South,West South Central,Louisiana,1989,34257
Northeast,New England,Maine,1989,1676
South,South Atlantic,Maryland,1989,40152
Northeast,New England,Massachusetts,1989,39912
Midwest,East North Central,Michigan,1989,65760
Midwest,West North Central,Minnesota,1989,12549
South,East South Central,Mississippi,1989,8156
Midwest,West North Central,Missouri,1989,32634
West,Mountain,Montana,1989,935
Midwest,West North Central,Nebraska,1989,4503
West,Mountain,Nevada,1989,6947
Northeast,New England,New Hampshire,1989,1865
Northeast,Middle Atlantic,New Jersey,1989,47111
West,Mountain,New Mexico,1989,10755
Northeast,Middle Atlantic,New York,1989,203042
South,South Atlantic,North Carolina,1989,35902
Midwest,West North Central,North Dakota,1989,417
Midwest,East North Central,Ohio,1989,51109
South,West South Central,Oklahoma,1989,15847
West,Pacific,Oregon,1989,14625
Northeast,Middle Atlantic,Pennsylvania,1989,45586
Northeast,New England,Rhode Island,1989,3772
South,South Atlantic,South Carolina,1989,28576
Midwest,West North Central,South Dakota,1989,969
South,East South Central,Tennessee,1989,27118
South,West South Central,Texas,1989,111889
West,Mountain,Utah,1989,4417
Northeast,New England,Vermont,1989,753
South,South Atlantic,Virginia,1989,19057
West,Pacific,Washington,1989,22460
South,South Atlantic,West Virginia,1989,2724
Midwest,East North Central,Wisconsin,1989,10834
West,Mountain,Wyoming,1989,1227
South,East South Central,Alabama,1990,28630
West,Pacific,Alaska,1990,2885
West,Mountain,Arizona,1990,23911
South,West South Central,Arkansas,1990,12511
West,Pacific,California,1990,311051
West,Mountain,Colorado,1990,17328
Northeast,New England,Connecticut,1990,18201
South,South Atlantic,Delaware,1990,4365
South,South Atlantic,District of Columbia,1990,14919
South,South Atlantic,Florida,1990,160990
South,South Atlantic,Georgia,1990,48996
West,Pacific,Hawaii,1990,3113
West,Mountain,Idaho,1990,2776
Midwest,East North Central,Illinois,1990,110575
Midwest,East North Central,Indiana,1990,26275
Midwest,West North Central,Iowa,1990,8321
Midwest,West North Central,Kansas,1990,11093
South,East South Central,Kentucky,1990,14386
South,West South Central,Louisiana,1990,37914
Northeast,New England,Maine,1990,1759
South,South Atlantic,Maryland,1990,43940
Northeast,New England,Massachusetts,1990,44300
Midwest,East North Central,Michigan,1990,73468
Midwest,West North Central,Minnesota,1990,13392
South,East South Central,Mississippi,1990,8758
Midwest,West North Central,Missouri,1990,36602
West,Mountain,Montana,1990,1273
Midwest,West North Central,Nebraska,1990,5209
West,Mountain,Nevada,1990,7222
Northeast,New England,New Hampshire,1990,1459
Northeast,Middle Atlantic,New Jersey,1990,50057
West,Mountain,New Mexico,1990,11821
Northeast,Middle Atlantic,New York,1990,212458
South,South Atlantic,North Carolina,1990,41332
Midwest,West North Central,North Dakota,1990,472
Midwest,East North Central,Ohio,1990,54904
South,West South Central,Oklahoma,1990,17222
West,Pacific,Oregon,1990,14405
Northeast,Middle Atlantic,Pennsylvania,1990,51213
Northeast,New England,Rhode Island,1990,4334
South,South Atlantic,South Carolina,1990,34050
Midwest,West North Central,South Dakota,1990,1133
South,East South Central,Tennessee,1990,32698
South,West South Central,Texas,1990,129343
West,Mountain,Utah,1990,4892
Northeast,New England,Vermont,1990,716
South,South Atlantic,Virginia,1990,21694
West,Pacific,Washington,1990,24410
South,South Atlantic,West Virginia,1990,3036
Midwest,East North Central,Wisconsin,1990,12948
West,Mountain,Wyoming,1990,1367
South,East South Central,Alabama,1991,34518
West,Pacific,Alaska,1991,3499
West,Mountain,Arizona,1991,25152
South,West South Central,Arkansas,1991,14072
West,Pacific,California,1991,331122
West,Mountain,Colorado,1991,18887
Northeast,New England,Connecticut,1991,17761
South,South Atlantic,Delaware,1991,4857
South,South Atlantic,District of Columbia,1991,14671
South,South Atlantic,Florida,1991,157243
South,South Atlantic,Georgia,1991,48894
West,Pacific,Hawaii,1991,2744
West,Mountain,Idaho,1991,3016
Midwest,East North Central,Illinois,1991,119955
Midwest,East North Central,Indiana,1991,28349
Midwest,West North Central,Iowa,1991,8477
Midwest,West North Central,Kansas,1991,12465
South,East South Central,Kentucky,1991,16262
South,West South Central,Louisiana,1991,40438
Northeast,New England,Maine,1991,1631
South,South Atlantic,Maryland,1991,46469
Northeast,New England,Massachusetts,1991,44138
Midwest,East North Central,Michigan,1991,75232
Midwest,West North Central,Minnesota,1991,14006
South,East South Central,Mississippi,1991,10085
Midwest,West North Central,Missouri,1991,39358
West,Mountain,Montana,1991,1130
Midwest,West North Central,Nebraska,1991,5330
West,Mountain,Nevada,1991,8693
Northeast,New England,New Hampshire,1991,1318
Northeast,Middle Atlantic,New Jersey,1991,49257
West,Mountain,New Mexico,1991,12922
Northeast,Middle Atlantic,New York,1991,210184
South,South Atlantic,North Carolina,1991,44355
Midwest,West North Central,North Dakota,1991,415
Midwest,East North Central,Ohio,1991,61460
South,West South Central,Oklahoma,1991,18533
West,Pacific,Oregon,1991,14795
Northeast,Middle Atlantic,Pennsylvania,1991,53824
Northeast,New England,Rhode Island,1991,4638
South,South Atlantic,South Carolina,1991,34621
Midwest,West North Central,South Dakota,1991,1281
South,East South Central,Tennessee,1991,35955
South,West South Central,Texas,1991,145743
West,Mountain,Utah,1991,5077
Northeast,New England,Vermont,1991,662
South,South Atlantic,Virginia,1991,23459
West,Pacific,Washington,1991,26224
South,South Atlantic,West Virginia,1991,3440
Midwest,East North Central,Wisconsin,1991,13723
West,Mountain,Wyoming,1991,1427
South,East South Central,Alabama,1992,36052
West,Pacific,Alaska,1992,3877
West,Mountain,Arizona,1992,25706
South,West South Central,Arkansas,1992,13831
West,Pacific,California,1992,345624
West,Mountain,Colorado,1992,20086
Northeast,New England,Connecticut,1992,16252
South,South Atlantic,Delaware,1992,4280
South,South Atlantic,District of Columbia,1992,16685
South,South Atlantic,Florida,1992,162827
South,South Atlantic,Georgia,1992,49496
West,Pacific,Hawaii,1992,2998
West,Mountain,Idaho,1992,3003
Midwest,East North Central,Illinois,1992,113664
Midwest,East North Central,Indiana,1992,28791
Midwest,West North Central,Iowa,1992,7816
Midwest,West North Central,Kansas,1992,12888
South,East South Central,Kentucky,1992,20107
South,West South Central,Louisiana,1992,42209
Northeast,New England,Maine,1992,1616
South,South Atlantic,Maryland,1992,49085
Northeast,New England,Massachusetts,1992,46727
Midwest,East North Central,Michigan,1992,72672
Midwest,West North Central,Minnesota,1992,15144
South,East South Central,Mississippi,1992,10763
Midwest,West North Central,Missouri,1992,38448
West,Mountain,Montana,1992,1400
Midwest,West North Central,Nebraska,1992,5598
West,Mountain,Nevada,1992,9247
Northeast,New England,New Hampshire,1992,1397
Northeast,Middle Atlantic,New Jersey,1992,48745
West,Mountain,New Mexico,1992,14781
Northeast,Middle Atlantic,New York,1992,203311
South,South Atlantic,North Carolina,1992,46600
Midwest,West North Central,North Dakota,1992,530
Midwest,East North Central,Ohio,1992,57935
South,West South Central,Oklahoma,1992,20005
West,Pacific,Oregon,1992,15189
Northeast,Middle Atlantic,Pennsylvania,1992,51276
Northeast,New England,Rhode Island,1992,3965
South,South Atlantic,South Carolina,1992,34029
Midwest,West North Central,South Dakota,1992,1383
South,East South Central,Tennessee,1992,37487
South,West South Central,Texas,1992,142369
West,Mountain,Utah,1992,5267
Northeast,New England,Vermont,1992,624
South,South Atlantic,Virginia,1992,23907
West,Pacific,Washington,1992,27454
South,South Atlantic,West Virginia,1992,3833
Midwest,East North Central,Wisconsin,1992,13806
West,Mountain,Wyoming,1992,1489
South,East South Central,Alabama,1993,32676
West,Pacific,Alaska,1993,4557
West,Mountain,Arizona,1993,28142
South,West South Central,Arkansas,1993,14381
West,Pacific,California,1993,336381
West,Mountain,Colorado,1993,20229
Northeast,New England,Connecticut,1993,14949
South,South Atlantic,Delaware,1993,4801
South,South Atlantic,District of Columbia,1993,16888
South,South Atlantic,Florida,1993,164975
South,South Atlantic,Georgia,1993,50019
West,Pacific,Hawaii,1993,3061
West,Mountain,Idaho,1993,3097
Midwest,East North Central,Illinois,1993,112260
Midwest,East North Central,Indiana,1993,27941
Midwest,West North Central,Iowa,1993,9159
Midwest,West North Central,Kansas,1993,12564
South,East South Central,Kentucky,1993,17530
South,West South Central,Louisiana,1993,45600
Northeast,New England,Maine,1993,1558
South,South Atlantic,Maryland,1993,49540
Northeast,New England,Massachusetts,1993,48393
Midwest,East North Central,Michigan,1993,75021
Midwest,West North Central,Minnesota,1993,15986
South,East South Central,Mississippi,1993,11467
Midwest,West North Central,Missouri,1993,38963
West,Mountain,Montana,1993,1489
Midwest,West North Central,Nebraska,1993,6071
West,Mountain,Nevada,1993,12157
Northeast,New England,New Hampshire,1993,1550
Northeast,Middle Atlantic,New Jersey,1993,49390
West,Mountain,New Mexico,1993,15024
Northeast,Middle Atlantic,New York,1993,195352
South,South Atlantic,North Carolina,1993,47178
Midwest,West North Central,North Dakota,1993,522
Midwest,East North Central,Ohio,1993,55915
South,West South Central,Oklahoma,1993,20512
West,Pacific,Oregon,1993,15254
Northeast,Middle Atlantic,Pennsylvania,1993,50295
Northeast,New England,Rhode Island,1993,4017
South,South Atlantic,South Carolina,1993,37281
Midwest,West North Central,South Dakota,1993,1490
South,East South Central,Tennessee,1993,39047
South,West South Central,Texas,1993,137419
West,Mountain,Utah,1993,5599
Northeast,New England,Vermont,1993,658
South,South Atlantic,Virginia,1993,24160
West,Pacific,Washington,1993,27040
South,South Atlantic,West Virginia,1993,3793
Midwest,East North Central,Wisconsin,1993,13321
West,Mountain,Wyoming,1993,1345
South,East South Central,Alabama,1994,28844
West,Pacific,Alaska,1994,4644
West,Mountain,Arizona,1994,28653
South,West South Central,Arkansas,1994,14598
West,Pacific,California,1994,318395
West,Mountain,Colorado,1994,18632
Northeast,New England,Connecticut,1994,14916
South,South Atlantic,Delaware,1994,4549
South,South Atlantic,District of Columbia,1994,15177
South,South Atlantic,Florida,1994,160016
South,South Atlantic,Georgia,1994,47103
West,Pacific,Hawaii,1994,3091
West,Mountain,Idaho,1994,3238
Midwest,East North Central,Illinois,1994,112928
Midwest,East North Central,Indiana,1994,30205
Midwest,West North Central,Iowa,1994,8914
Midwest,West North Central,Kansas,1994,11314
South,East South Central,Kentucky,1994,16991
South,West South Central,Louisiana,1994,42369
Northeast,New England,Maine,1994,1611
South,South Atlantic,Maryland,1994,47457
Northeast,New England,Massachusetts,1994,42749
Midwest,East North Central,Michigan,1994,72751
Midwest,West North Central,Minnesota,1994,16397
South,East South Central,Mississippi,1994,13177
Midwest,West North Central,Missouri,1994,39240
West,Mountain,Montana,1994,1516
Midwest,West North Central,Nebraska,1994,6322
West,Mountain,Nevada,1994,14597
Northeast,New England,New Hampshire,1994,1328
Northeast,Middle Atlantic,New Jersey,1994,48544
West,Mountain,New Mexico,1994,14708
Northeast,Middle Atlantic,New York,1994,175433
South,South Atlantic,North Carolina,1994,46308
Midwest,West North Central,North Dakota,1994,522
Midwest,East North Central,Ohio,1994,53930
South,West South Central,Oklahoma,1994,21225
West,Pacific,Oregon,1994,16067
Northeast,Middle Atlantic,Pennsylvania,1994,51425
Northeast,New England,Rhode Island,1994,3744
South,South Atlantic,South Carolina,1994,37756
Midwest,West North Central,South Dakota,1994,1641
South,East South Central,Tennessee,1994,38705
South,West South Central,Texas,1994,129838
West,Mountain,Utah,1994,5810
Northeast,New England,Vermont,1994,562
South,South Atlantic,Virginia,1994,23437
West,Pacific,Washington,1994,27317
South,South Atlantic,West Virginia,1994,3931
Midwest,East North Central,Wisconsin,1994,13748
West,Mountain,Wyoming,1994,1297
South,East South Central,Alabama,1995,26894
West,Pacific,Alaska,1995,4656
West,Mountain,Arizona,1995,30095
South,West South Central,Arkansas,1995,13741
West,Pacific,California,1995,305154
West,Mountain,Colorado,1995,16494
Northeast,New England,Connecticut,1995,13293
South,South Atlantic,Delaware,1995,5198
South,South Atlantic,District of Columbia,1995,14744
South,South Atlantic,Florida,1995,151711
South,South Atlantic,Georgia,1995,47317
West,Pacific,Hawaii,1995,3509
West,Mountain,Idaho,1995,3745
Midwest,East North Central,Illinois,1995,117836
Midwest,East North Central,Indiana,1995,30451
Midwest,West North Central,Iowa,1995,10071
Midwest,West North Central,Kansas,1995,10792
South,East South Central,Kentucky,1995,14079
South,West South Central,Louisiana,1995,43741
Northeast,New England,Maine,1995,1631
South,South Atlantic,Maryland,1995,49757
Northeast,New England,Massachusetts,1995,41739
Midwest,East North Central,Michigan,1995,65680
Midwest,West North Central,Minnesota,1995,16416
South,East South Central,Mississippi,1995,13560
Midwest,West North Central,Missouri,1995,35339
West,Mountain,Montana,1995,1491
Midwest,West North Central,Nebraska,1995,6253
West,Mountain,Nevada,1995,14461
Northeast,New England,New Hampshire,1995,1314
Northeast,Middle Atlantic,New Jersey,1995,47652
West,Mountain,New Mexico,1995,13804
Northeast,Middle Atlantic,New York,1995,152683
South,South Atlantic,North Carolina,1995,46508
Midwest,West North Central,North Dakota,1995,556
Midwest,East North Central,Ohio,1995,53799
South,West South Central,Oklahoma,1995,21770
West,Pacific,Oregon,1995,16408
Northeast,Middle Atlantic,Pennsylvania,1995,51586
Northeast,New England,Rhode Island,1995,3643
South,South Atlantic,South Carolina,1995,36067
Midwest,West North Central,South Dakota,1995,1513
South,East South Central,Tennessee,1995,40549
South,West South Central,Texas,1995,124303
West,Mountain,Utah,1995,6415
Northeast,New England,Vermont,1995,692
South,South Atlantic,Virginia,1995,23921
West,Pacific,Washington,1995,26300
South,South Atlantic,West Virginia,1995,3842
Midwest,East North Central,Wisconsin,1995,14399
West,Mountain,Wyoming,1995,1220
South,East South Central,Alabama,1996,24159
West,Pacific,Alaska,1996,4417
West,Mountain,Arizona,1996,27963
South,West South Central,Arkansas,1996,13161
West,Pacific,California,1996,274996
West,Mountain,Colorado,1996,15463
Northeast,New England,Connecticut,1996,13490
South,South Atlantic,Delaware,1996,4845
South,South Atlantic,District of Columbia,1996,13411
South,South Atlantic,Florida,1996,151350
South,South Atlantic,Georgia,1996,46966
West,Pacific,Hawaii,1996,3322
West,Mountain,Idaho,1996,3177
Midwest,East North Central,Illinois,1996,105482
Midwest,East North Central,Indiana,1996,31366
Midwest,West North Central,Iowa,1996,7771
Midwest,West North Central,Kansas,1996,10642
South,East South Central,Kentucky,1996,12448
South,West South Central,Louisiana,1996,40426
Northeast,New England,Maine,1996,1553
South,South Atlantic,Maryland,1996,47230
Northeast,New England,Massachusetts,1996,39122
Midwest,East North Central,Michigan,1996,60951
Midwest,West North Central,Minnesota,1996,15782
South,East South Central,Mississippi,1996,13261
Midwest,West North Central,Missouri,1996,31669
West,Mountain,Montana,1996,1415
Midwest,West North Central,Nebraska,1996,7182
West,Mountain,Nevada,1996,13005
Northeast,New England,New Hampshire,1996,1373
Northeast,Middle Atlantic,New Jersey,1996,42459
West,Mountain,New Mexico,1996,14399
Northeast,Middle Atlantic,New York,1996,132206
South,South Atlantic,North Carolina,1996,43068
Midwest,West North Central,North Dakota,1996,541
Midwest,East North Central,Ohio,1996,47896
South,West South Central,Oklahoma,1996,19710
West,Pacific,Oregon,1996,14837
Northeast,Middle Atlantic,Pennsylvania,1996,57905
Northeast,New England,Rhode Island,1996,3437
South,South Atlantic,South Carolina,1996,36875
Midwest,West North Central,South Dakota,1996,1297
South,East South Central,Tennessee,1996,41175
South,West South Central,Texas,1996,123270
West,Mountain,Utah,1996,6638
Northeast,New England,Vermont,1996,714
South,South Atlantic,Virginia,1996,22782
West,Pacific,Washington,1996,23857
South,South Atlantic,West Virginia,1996,3836
Midwest,East North Central,Wisconsin,1996,13039
West,Mountain,Wyoming,1996,1201
South,East South Central,Alabama,1997,24379
West,Pacific,Alaska,1997,4270
West,Mountain,Arizona,1997,28411
South,West South Central,Arkansas,1997,13293
West,Pacific,California,1997,257582
West,Mountain,Colorado,1997,14139
Northeast,New England,Connecticut,1997,12781
South,South Atlantic,Delaware,1997,5753
South,South Atlantic,District of Columbia,1997,10708
South,South Atlantic,Florida,1997,149996
South,South Atlantic,Georgia,1997,45408
West,Pacific,Hawaii,1997,3299
West,Mountain,Idaho,1997,3107
Midwest,East North Central,Illinois,1997,102476
Midwest,East North Central,Indiana,1997,30179
Midwest,West North Central,Iowa,1997,8841
Midwest,West North Central,Kansas,1997,11151
South,East South Central,Kentucky,1997,12386
South,West South Central,Louisiana,1997,37248
Northeast,New England,Maine,1997,1500
South,South Atlantic,Maryland,1997,43127
Northeast,New England,Massachusetts,1997,39411
Midwest,East North Central,Michigan,1997,57663
Midwest,West North Central,Minnesota,1997,15827
South,East South Central,Mississippi,1997,12808
Midwest,West North Central,Missouri,1997,31192
West,Mountain,Montana,1997,1161
Midwest,West North Central,Nebraska,1997,7265
West,Mountain,Nevada,1997,13395
Northeast,New England,New Hampshire,1997,1328
Northeast,Middle Atlantic,New Jersey,1997,39673
West,Mountain,New Mexico,1997,14762
Northeast,Middle Atlantic,New York,1997,124890
South,South Atlantic,North Carolina,1997,45071
Midwest,West North Central,North Dakota,1997,559
Midwest,East North Central,Ohio,1997,48706
South,West South Central,Oklahoma,1997,18560
West,Pacific,Oregon,1997,14412
Northeast,Middle Atlantic,Pennsylvania,1997,53140
Northeast,New England,Rhode Island,1997,3292
South,South Atlantic,South Carolina,1997,37235
Midwest,West North Central,South Dakota,1997,1457
South,East South Central,Tennessee,1997,42389
South,West South Central,Texas,1997,117126
West,Mountain,Utah,1997,6878
Northeast,New England,Vermont,1997,705
South,South Atlantic,Virginia,1997,23249
West,Pacific,Washington,1997,24724
South,South Atlantic,West Virginia,1997,3971
Midwest,East North Central,Wisconsin,1997,13988
West,Mountain,Wyoming,1997,1225
South,East South Central,Alabama,1998,22286
West,Pacific,Alaska,1998,4015
West,Mountain,Arizona,1998,26984
South,West South Central,Arkansas,1998,12442
West,Pacific,California,1998,229883
West,Mountain,Colorado,1998,15008
Northeast,New England,Connecticut,1998,11993
South,South Atlantic,Delaware,1998,5672
South,South Atlantic,District of Columbia,1998,8988
South,South Atlantic,Florida,1998,140016
South,South Atlantic,Georgia,1998,43762
West,Pacific,Hawaii,1998,2946
West,Mountain,Idaho,1998,3468
Midwest,East North Central,Illinois,1998,97291
Midwest,East North Central,Indiana,1998,25423
Midwest,West North Central,Iowa,1998,8916
Midwest,West North Central,Kansas,1998,10972
South,East South Central,Kentucky,1998,12909
South,West South Central,Louisiana,1998,34057
Northeast,New England,Maine,1998,1566
South,South Atlantic,Maryland,1998,40903
Northeast,New England,Massachusetts,1998,38192
Midwest,East North Central,Michigan,1998,60947
Midwest,West North Central,Minnesota,1998,14656
South,East South Central,Mississippi,1998,11302
Midwest,West North Central,Missouri,1998,30222
West,Mountain,Montana,1998,1797
Midwest,West North Central,Nebraska,1998,7507
West,Mountain,Nevada,1998,11244
Northeast,New England,New Hampshire,1998,1270
Northeast,Middle Atlantic,New Jersey,1998,35720
West,Mountain,New Mexico,1998,16700
Northeast,Middle Atlantic,New York,1998,115915
South,South Atlantic,North Carolina,1998,43723
Midwest,West North Central,North Dakota,1998,570
Midwest,East North Central,Ohio,1998,40628
South,West South Central,Oklahoma,1998,18053
West,Pacific,Oregon,1998,13778
Northeast,Middle Atlantic,Pennsylvania,1998,50470
Northeast,New England,Rhode Island,1998,3084
South,South Atlantic,South Carolina,1998,34647
Midwest,West North Central,South Dakota,1998,1139
South,East South Central,Tennessee,1998,38832
South,West South Central,Texas,1998,111566
West,Mountain,Utah,1998,6599
Northeast,New England,Vermont,1998,628
South,South Atlantic,Virginia,1998,22115
West,Pacific,Washington,1998,24380
South,South Atlantic,West Virginia,1998,4503
Midwest,East North Central,Wisconsin,1998,13009
West,Mountain,Wyoming,1998,1191
South,East South Central,Alabama,1999,21421
West,Pacific,Alaska,1999,3908
West,Mountain,Arizona,1999,26334
South,West South Central,Arkansas,1999,10848
West,Pacific,California,1999,207879
West,Mountain,Colorado,1999,13811
Northeast,New England,Connecticut,1999,11342
South,South Atlantic,Delaware,1999,5534
South,South Atlantic,District of Columbia,1999,8448
South,South Atlantic,Florida,1999,129044
South,South Atlantic,Georgia,1999,41585
West,Pacific,Hawaii,1999,2785
West,Mountain,Idaho,1999,3066
Midwest,East North Central,Illinois,1999,83621
Midwest,East North Central,Indiana,1999,22261
Midwest,West North Central,Iowa,1999,8034
Midwest,West North Central,Kansas,1999,10159
South,East South Central,Kentucky,1999,12212
South,West South Central,Louisiana,1999,32033
Northeast,New England,Maine,1999,1404
South,South Atlantic,Maryland,1999,38447
Northeast,New England,Massachusetts,1999,34023
Midwest,East North Central,Michigan,1999,56709
Midwest,West North Central,Minnesota,1999,13085
South,East South Central,Mississippi,1999,9671
Midwest,West North Central,Missouri,1999,27353
West,Mountain,Montana,1999,2090
Midwest,West North Central,Nebraska,1999,7167
West,Mountain,Nevada,1999,10311
Northeast,New England,New Hampshire,1999,1159
Northeast,Middle Atlantic,New Jersey,1999,33540
West,Mountain,New Mexico,1999,14520
Northeast,Middle Atlantic,New York,1999,107147
South,South Atlantic,North Carolina,1999,41474
Midwest,West North Central,North Dakota,1999,424
Midwest,East North Central,Ohio,1999,35616
South,West South Central,Oklahoma,1999,17066
West,Pacific,Oregon,1999,12432
Northeast,Middle Atlantic,Pennsylvania,1999,50431
Northeast,New England,Rhode Island,1999,2840
South,South Atlantic,South Carolina,1999,32920
Midwest,West North Central,South Dakota,1999,1227
South,East South Central,Tennessee,1999,38111
South,West South Central,Texas,1999,112306
West,Mountain,Utah,1999,5869
Northeast,New England,Vermont,1999,676
South,South Atlantic,Virginia,1999,21626
West,Pacific,Washington,1999,21716
South,South Atlantic,West Virginia,1999,6336
Midwest,East North Central,Wisconsin,1999,12908
West,Mountain,Wyoming,1999,1115
South,East South Central,Alabama,2000,21620
West,Pacific,Alaska,2000,3554
West,Mountain,Arizona,2000,27281
South,West South Central,Arkansas,2000,11904
West,Pacific,California,2000,210531
West,Mountain,Colorado,2000,14367
Northeast,New England,Connecticut,2000,11058
South,South Atlantic,Delaware,2000,5363
South,South Atlantic,District of Columbia,2000,8626
South,South Atlantic,Florida,2000,129777
South,South Atlantic,Georgia,2000,41319
West,Pacific,Hawaii,2000,2954
West,Mountain,Idaho,2000,3267
Midwest,East North Central,Illinois,2000,81196
Midwest,East North Central,Indiana,2000,21230
Midwest,West North Central,Iowa,2000,7796
Midwest,West North Central,Kansas,2000,10470
South,East South Central,Kentucky,2000,11903
South,West South Central,Louisiana,2000,30440
Northeast,New England,Maine,2000,1397
South,South Atlantic,Maryland,2000,41663
Northeast,New England,Massachusetts,2000,30230
Midwest,East North Central,Michigan,2000,55159
Midwest,West North Central,Minnesota,2000,13813
South,East South Central,Mississippi,2000,10267
Midwest,West North Central,Missouri,2000,27419
West,Mountain,Montana,2000,2807
Midwest,West North Central,Nebraska,2000,5606
West,Mountain,Nevada,2000,10474
Northeast,New England,New Hampshire,2000,2167
Northeast,Middle Atlantic,New Jersey,2000,32298
West,Mountain,New Mexico,2000,13786
Northeast,Middle Atlantic,New York,2000,105111
South,South Atlantic,North Carolina,2000,40051
Midwest,West North Central,North Dakota,2000,523
Midwest,East North Central,Ohio,2000,37935
South,West South Central,Oklahoma,2000,17177
West,Pacific,Oregon,2000,12000
Northeast,Middle Atlantic,Pennsylvania,2000,51584
Northeast,New England,Rhode Island,2000,3121
South,South Atlantic,South Carolina,2000,33225
Midwest,West North Central,South Dakota,2000,1259
South,East South Central,Tennessee,2000,40233
South,West South Central,Texas,2000,113653
West,Mountain,Utah,2000,5711
Northeast,New England,Vermont,2000,691
South,South Atlantic,Virginia,2000,19943
West,Pacific,Washington,2000,21788
South,South Atlantic,West Virginia,2000,5723
Midwest,East North Central,Wisconsin,2000,12700
West,Mountain,Wyoming,2000,1316
South,East South Central,Alabama,2001,19582
West,Pacific,Alaska,2001,3735
West,Mountain,Arizona,2001,28675
South,West South Central,Arkansas,2001,12190
West,Pacific,California,2001,212855
West,Mountain,Colorado,2001,15492
Northeast,New England,Connecticut,2001,11492
South,South Atlantic,Delaware,2001,4868
South,South Atlantic,District of Columbia,2001,9931
South,South Atlantic,Florida,2001,130713
South,South Atlantic,Georgia,2001,41671
West,Pacific,Hawaii,2001,3117
West,Mountain,Idaho,2001,3211
Midwest,East North Central,Illinois,2001,79504
Midwest,East North Central,Indiana,2001,22734
Midwest,West North Central,Iowa,2001,7865
Midwest,West North Central,Kansas,2001,10909
South,East South Central,Kentucky,2001,10448
South,West South Central,Louisiana,2001,30678
Northeast,New England,Maine,2001,1434
South,South Atlantic,Maryland,2001,42088
Northeast,New England,Massachusetts,2001,30587
Midwest,East North Central,Michigan,2001,55424
Midwest,West North Central,Minnesota,2001,13145
South,East South Central,Mississippi,2001,10006
Midwest,West North Central,Missouri,2001,30472
West,Mountain,Montana,2001,3187
Midwest,West North Central,Nebraska,2001,5214
West,Mountain,Nevada,2001,12359
Northeast,New England,New Hampshire,2001,2144
Northeast,Middle Atlantic,New Jersey,2001,33094
West,Mountain,New Mexico,2001,14288
Northeast,Middle Atlantic,New York,2001,98103
South,South Atlantic,North Carolina,2001,40465
Midwest,West North Central,North Dakota,2001,505
Midwest,East North Central,Ohio,2001,40023
South,West South Central,Oklahoma,2001,17726
West,Pacific,Oregon,2001,10650
Northeast,Middle Atlantic,Pennsylvania,2001,50432
Northeast,New England,Rhode Island,2001,3278
South,South Atlantic,South Carolina,2001,29265
Midwest,West North Central,South Dakota,2001,1171
South,East South Central,Tennessee,2001,42778
South,West South Central,Texas,2001,122155
West,Mountain,Utah,2001,5314
Northeast,New England,Vermont,2001,644
South,South Atlantic,Virginia,2001,20939
West,Pacific,Washington,2001,21258
South,South Atlantic,West Virginia,2001,5035
Midwest,East North Central,Wisconsin,2001,12486
West,Mountain,Wyoming,2001,1272
South,East South Central,Alabama,2002,19931
West,Pacific,Alaska,2002,3627
West,Mountain,Arizona,2002,30171
South,West South Central,Arkansas,2002,11501
West,Pacific,California,2002,208388
West,Mountain,Colorado,2002,15882
Northeast,New England,Connecticut,2002,10807
South,South Atlantic,Delaware,2002,4836
South,South Atlantic,District of Columbia,2002,9322
South,South Atlantic,Florida,2002,128721
South,South Atlantic,Georgia,2002,39271
West,Pacific,Hawaii,2002,3262
West,Mountain,Idaho,2002,3419
Midwest,East North Central,Illinois,2002,75759
Midwest,East North Central,Indiana,2002,22001
Midwest,West North Central,Iowa,2002,8388
Midwest,West North Central,Kansas,2002,10229
South,East South Central,Kentucky,2002,11101
South,West South Central,Louisiana,2002,29690
Northeast,New England,Maine,2002,1396
South,South Atlantic,Maryland,2002,42015
Northeast,New England,Massachusetts,2002,31137
Midwest,East North Central,Michigan,2002,54306
Midwest,West North Central,Minnesota,2002,13428
South,East South Central,Mississippi,2002,9858
Midwest,West North Central,Missouri,2002,30557
West,Mountain,Montana,2002,3197
Midwest,West North Central,Nebraska,2002,5428
West,Mountain,Nevada,2002,13856
Northeast,New England,New Hampshire,2002,2056
Northeast,Middle Atlantic,New Jersey,2002,32252
West,Mountain,New Mexico,2002,13719
Northeast,Middle Atlantic,New York,2002,95030
South,South Atlantic,North Carolina,2002,39118
Midwest,West North Central,North Dakota,2002,496
Midwest,East North Central,Ohio,2002,40128
South,West South Central,Oklahoma,2002,17587
West,Pacific,Oregon,2002,10298
Northeast,Middle Atlantic,Pennsylvania,2002,49578
Northeast,New England,Rhode Island,2002,3051
South,South Atlantic,South Carolina,2002,33761
Midwest,West North Central,South Dakota,2002,1350
South,East South Central,Tennessee,2002,41562
South,West South Central,Texas,2002,126018
West,Mountain,Utah,2002,5488
Northeast,New England,Vermont,2002,658
South,South Atlantic,Virginia,2002,21256
West,Pacific,Washington,2002,20964
South,South Atlantic,West Virginia,2002,4221
Midwest,East North Central,Wisconsin,2002,12238
West,Mountain,Wyoming,2002,1364
South,East South Central,Alabama,2003,19331
West,Pacific,Alaska,2003,3877
West,Mountain,Arizona,2003,28638
South,West South Central,Arkansas,2003,12449
West,Pacific,California,2003,205551
West,Mountain,Colorado,2003,15757
Northeast,New England,Connecticut,2003,11045
South,South Atlantic,Delaware,2003,5525
South,South Atlantic,District of Columbia,2003,9061
South,South Atlantic,Florida,2003,124280
South,South Atlantic,Georgia,2003,39435
West,Pacific,Hawaii,2003,3400
West,Mountain,Idaho,2003,3362
Midwest,East North Central,Illinois,2003,70376
Midwest,East North Central,Indiana,2003,21842
Midwest,West North Central,Iowa,2003,8175
Midwest,West North Central,Kansas,2003,10831
South,East South Central,Kentucky,2003,10232
South,West South Central,Louisiana,2003,28622
Northeast,New England,Maine,2003,1422
South,South Atlantic,Maryland,2003,38778
Northeast,New England,Massachusetts,2003,30377
Midwest,East North Central,Michigan,2003,51550
Midwest,West North Central,Minnesota,2003,13316
South,East South Central,Mississippi,2003,9336
Midwest,West North Central,Missouri,2003,28067
West,Mountain,Montana,2003,3351
Midwest,West North Central,Nebraska,2003,5105
West,Mountain,Nevada,2003,13813
Northeast,New England,New Hampshire,2003,1937
Northeast,Middle Atlantic,New Jersey,2003,31488
West,Mountain,New Mexico,2003,12535
Northeast,Middle Atlantic,New York,2003,89486
South,South Atlantic,North Carolina,2003,38243
Midwest,West North Central,North Dakota,2003,508
Midwest,East North Central,Ohio,2003,38185
South,West South Central,Oklahoma,2003,17758
West,Pacific,Oregon,2003,10506
Northeast,Middle Atlantic,Pennsylvania,2003,49210
Northeast,New England,Rhode Island,2003,3074
South,South Atlantic,South Carolina,2003,33455
Midwest,West North Central,South Dakota,2003,1329
South,East South Central,Tennessee,2003,40409
South,West South Central,Texas,2003,122246
West,Mountain,Utah,2003,5889
Northeast,New England,Vermont,2003,707
South,South Atlantic,Virginia,2003,20490
West,Pacific,Washington,2003,21272
South,South Atlantic,West Virginia,2003,4627
Midwest,East North Central,Wisconsin,2003,12104
West,Mountain,Wyoming,2003,1314
South,East South Central,Alabama,2004,19324
West,Pacific,Alaska,2004,4159
West,Mountain,Arizona,2004,28952
South,West South Central,Arkansas,2004,13814
West,Pacific,California,2004,189175
West,Mountain,Colorado,2004,17121
Northeast,New England,Connecticut,2004,10113
South,South Atlantic,Delaware,2004,5105
South,South Atlantic,District of Columbia,2004,7590
South,South Atlantic,Florida,2004,123754
South,South Atlantic,Georgia,2004,40217
West,Pacific,Hawaii,2004,3213
West,Mountain,Idaho,2004,3452
Midwest,East North Central,Illinois,2004,69365
Midwest,East North Central,Indiana,2004,20294
Midwest,West North Central,Iowa,2004,8499
Midwest,West North Central,Kansas,2004,10330
South,East South Central,Kentucky,2004,10152
South,West South Central,Louisiana,2004,28844
Northeast,New England,Maine,2004,1364
South,South Atlantic,Maryland,2004,38961
Northeast,New England,Massachusetts,2004,29489
Midwest,East North Central,Michigan,2004,49737
Midwest,West North Central,Minnesota,2004,13751
South,East South Central,Mississippi,2004,8568
Midwest,West North Central,Missouri,2004,28226
West,Mountain,Montana,2004,2723
Midwest,West North Central,Nebraska,2004,5393
West,Mountain,Nevada,2004,14379
Northeast,New England,New Hampshire,2004,2202
Northeast,Middle Atlantic,New Jersey,2004,30943
West,Mountain,New Mexico,2004,13081
Northeast,Middle Atlantic,New York,2004,84914
South,South Atlantic,North Carolina,2004,38244
Midwest,West North Central,North Dakota,2004,558
Midwest,East North Central,Ohio,2004,38787
South,West South Central,Oklahoma,2004,17635
West,Pacific,Oregon,2004,10724
Northeast,Middle Atlantic,Pennsylvania,2004,50998
Northeast,New England,Rhode Island,2004,2673
South,South Atlantic,South Carolina,2004,33160
Midwest,West North Central,South Dakota,2004,1319
South,East South Central,Tennessee,2004,41113
South,West South Central,Texas,2004,121554
West,Mountain,Utah,2004,5647
Northeast,New England,Vermont,2004,713
South,South Atlantic,Virginia,2004,20608
West,Pacific,Washington,2004,21330
South,South Atlantic,West Virginia,2004,5110
Midwest,East North Central,Wisconsin,2004,11548
West,Mountain,Wyoming,2004,1163
South,East South Central,Alabama,2005,19678
West,Pacific,Alaska,2005,4194
West,Mountain,Arizona,2005,30478
South,West South Central,Arkansas,2005,14659
West,Pacific,California,2005,190178
West,Mountain,Colorado,2005,18498
Northeast,New England,Connecticut,2005,9635
South,South Atlantic,Delaware,2005,5332
South,South Atlantic,District of Columbia,2005,8032
South,South Atlantic,Florida,2005,125957
South,South Atlantic,Georgia,2005,40725
West,Pacific,Hawaii,2005,3253
West,Mountain,Idaho,2005,3670
Midwest,East North Central,Illinois,2005,70392
Midwest,East North Central,Indiana,2005,20302
Midwest,West North Central,Iowa,2005,8642
Midwest,West North Central,Kansas,2005,10634
South,East South Central,Kentucky,2005,11134
South,West South Central,Louisiana,2005,26889
Northeast,New England,Maine,2005,1483
South,South Atlantic,Maryland,2005,39369
Northeast,New England,Massachusetts,2005,29237
Midwest,East North Central,Michigan,2005,55877
Midwest,West North Central,Minnesota,2005,15243
South,East South Central,Mississippi,2005,8131
Midwest,West North Central,Missouri,2005,30477
West,Mountain,Montana,2005,2634
Midwest,West North Central,Nebraska,2005,5048
West,Mountain,Nevada,2005,14654
Northeast,New England,New Hampshire,2005,1729
Northeast,Middle Atlantic,New Jersey,2005,30919
West,Mountain,New Mexico,2005,13541
Northeast,Middle Atlantic,New York,2005,85839
South,South Atlantic,North Carolina,2005,40650
Midwest,West North Central,North Dakota,2005,625
Midwest,East North Central,Ohio,2005,40273
South,West South Central,Oklahoma,2005,18044
West,Pacific,Oregon,2005,10444
Northeast,Middle Atlantic,Pennsylvania,2005,52761
Northeast,New England,Rhode Island,2005,2703
South,South Atlantic,South Carolina,2005,32384
Midwest,West North Central,South Dakota,2005,1363
South,East South Central,Tennessee,2005,44891
South,West South Central,Texas,2005,121091
West,Mountain,Utah,2005,5612
Northeast,New England,Vermont,2005,746
South,South Atlantic,Virginia,2005,21400
West,Pacific,Washington,2005,21745
South,South Atlantic,West Virginia,2005,4957
Midwest,East North Central,Wisconsin,2005,13371
West,Mountain,Wyoming,2005,1172